error_code,failure_class,payment_method,amount_paise,past_successes,past_failures,hour_of_day,is_international,retry_count,card_network,recommended_action
payment_method_not_enabled,HARD_METHOD_DEAD,netbanking,199900,2,2,13,0,1,N/A,use_different_method
vpa_resolution_failed,NETWORK_TIMEOUT,card,999000,8,0,10,0,3,Visa,retry_later
authentication_failed,SOFT_RETRYABLE,card,149516,3,1,15,0,3,Visa,retry_now
incorrect_otp,SOFT_RETRYABLE,card,399196,8,2,15,0,2,RuPay,retry_now
card_not_enrolled,HARD_METHOD_DEAD,card,299900,4,9,18,0,0,RuPay,enable_online_transactions
credit_failed,SOFT_RETRYABLE,upi,99990,6,1,20,0,1,N/A,use_different_method
bank_cutoff_in_progress,NETWORK_TIMEOUT,card,314888,20,0,22,1,2,Mastercard,retry_later
card_declined,HARD_METHOD_DEAD,card,71248,7,8,0,0,0,RuPay,use_different_method
transaction_on_vpa_restricted,HARD_METHOD_DEAD,upi,69370,0,3,18,0,0,N/A,use_different_method
mandate_creation_timeout,NETWORK_TIMEOUT,upi,499900,12,4,10,0,3,N/A,retry_later
insufficient_funds,SOFT_RETRYABLE,netbanking,199900,3,1,22,0,1,N/A,retry_later
input_validation_failed,UNKNOWN,card,310944,18,3,21,0,3,Mastercard,check_card_details
gateway_technical_error,NETWORK_TIMEOUT,upi,99900,12,0,11,0,1,N/A,retry_later
payment_failed,SOFT_RETRYABLE,card,37980,12,3,18,0,3,RuPay,retry_later
payment_cancelled,SOFT_RETRYABLE,card,17000,14,9,16,0,3,Visa,retry_now
payment_collect_request_expired,SOFT_RETRYABLE,upi,19990,17,0,17,0,2,N/A,retry_now
incorrect_cardholder_name,SOFT_RETRYABLE,card,37916,17,6,10,0,1,RuPay,check_card_details
psp_app_not_available,NETWORK_TIMEOUT,card,99900,12,2,10,0,3,RuPay,retry_later
mandate_creation_timeout,NETWORK_TIMEOUT,card,199900,14,0,19,0,3,Mastercard,retry_later
mandate_creation_timeout,NETWORK_TIMEOUT,upi,99990,7,1,14,0,5,N/A,retry_later
mandate_creation_expired,SOFT_RETRYABLE,upi,19990,11,0,11,0,2,N/A,retry_now
mcc_amount_limit_exceeded,HARD_METHOD_DEAD,upi,777218,0,4,20,0,1,N/A,use_different_method
payment_risk_check_failed,RISK_FLAGGED,upi,126586,10,5,14,0,2,N/A,vendor_review
vpa_resolution_failed,NETWORK_TIMEOUT,card,49990,5,1,18,1,1,RuPay,retry_later
payment_amount_tampered,RISK_FLAGGED,upi,49990,4,7,1,0,0,N/A,vendor_review
transaction_frequency_limit_exceeded,SOFT_RETRYABLE,upi,985267,18,5,5,0,1,N/A,use_different_method
transaction_frequency_limit_exceeded,SOFT_RETRYABLE,upi,339784,5,3,10,0,1,N/A,use_different_method
server_error,NETWORK_TIMEOUT,card,62127,8,5,8,0,3,Mastercard,retry_later
card_expired,HARD_METHOD_DEAD,card,33305,8,9,19,0,1,Visa,use_different_card
verification_failed,NETWORK_TIMEOUT,upi,99900,14,0,17,0,5,N/A,retry_later
transaction_limit_exceeded,SOFT_RETRYABLE,card,116235,14,1,16,0,2,Mastercard,use_different_method
transaction_frequency_limit_exceeded,SOFT_RETRYABLE,upi,180577,12,1,9,0,2,N/A,use_different_method
pin_attempts_exceeded,HARD_METHOD_DEAD,card,196364,2,0,20,0,0,AMEX,use_different_card
incorrect_card_expiry_date,SOFT_RETRYABLE,card,299900,13,4,20,0,3,Visa,check_card_details
incorrect_cvv,SOFT_RETRYABLE,card,255783,15,0,22,0,1,Visa,retry_now
pin_attempts_exceeded,HARD_METHOD_DEAD,card,177948,4,3,21,0,0,RuPay,use_different_card
psp_app_not_available,NETWORK_TIMEOUT,card,183480,8,4,13,0,1,Visa,retry_later
deemed_transaction,SOFT_RETRYABLE,card,999000,14,3,16,0,2,Visa,retry_later
card_network_not_enabled,HARD_METHOD_DEAD,card,999000,6,7,16,0,1,Mastercard,use_different_card
mcc_amount_limit_exceeded,HARD_METHOD_DEAD,upi,342997,5,0,20,0,1,N/A,use_different_method
payment_risk_check_failed,RISK_FLAGGED,netbanking,110904,9,0,10,0,0,N/A,vendor_review
card_number_invalid,SOFT_RETRYABLE,netbanking,332163,16,1,10,0,2,N/A,check_card_details
psp_app_not_supported,HARD_METHOD_DEAD,upi,99900,8,0,11,0,0,N/A,use_different_method
card_network_not_enabled,HARD_METHOD_DEAD,card,907687,14,8,10,0,0,RuPay,use_different_card
incorrect_card_expiry_date,SOFT_RETRYABLE,netbanking,92113,7,3,20,0,1,N/A,check_card_details
otp_attempts_exceeded,HARD_METHOD_DEAD,card,99990,0,1,16,0,0,RuPay,use_different_card
card_type_invalid,HARD_METHOD_DEAD,card,299900,5,4,15,0,1,Visa,use_different_card
payment_amount_tampered,RISK_FLAGGED,card,164690,15,0,22,0,0,Mastercard,vendor_review
payment_risk_check_failed,RISK_FLAGGED,upi,199275,3,1,17,0,0,N/A,vendor_review
card_network_not_enabled,HARD_METHOD_DEAD,card,54956,5,3,21,0,0,Visa,use_different_card
card_type_invalid,HARD_METHOD_DEAD,card,600323,2,1,22,0,0,Visa,use_different_card
incorrect_card_details,SOFT_RETRYABLE,card,26491,8,8,21,0,2,RuPay,check_card_details
insufficient_funds,SOFT_RETRYABLE,card,124065,19,0,3,0,2,Visa,retry_later
payment_timed_out,NETWORK_TIMEOUT,card,244560,20,0,19,0,4,RuPay,retry_now
insufficient_funds,SOFT_RETRYABLE,netbanking,360008,12,0,3,0,1,N/A,retry_later
card_not_enrolled,HARD_METHOD_DEAD,card,999000,5,2,13,0,0,RuPay,enable_online_transactions
card_number_invalid,SOFT_RETRYABLE,card,303615,10,2,14,0,1,Visa,check_card_details
mandate_creation_expired,SOFT_RETRYABLE,upi,445633,14,3,16,0,2,N/A,retry_now
payment_amount_tampered,RISK_FLAGGED,upi,85292,8,0,8,0,1,N/A,vendor_review
gateway_error,NETWORK_TIMEOUT,card,93102,16,8,16,0,4,RuPay,retry_later
credit_failed,SOFT_RETRYABLE,upi,199581,12,1,15,0,3,N/A,use_different_method
card_type_invalid,HARD_METHOD_DEAD,card,99990,8,1,10,0,0,RuPay,use_different_card
gateway_technical_error,NETWORK_TIMEOUT,upi,41265,14,1,16,0,5,N/A,retry_later
payment_timed_out,NETWORK_TIMEOUT,card,166599,14,1,17,0,3,Visa,retry_now
payment_risk_check_failed,RISK_FLAGGED,upi,64287,4,4,10,0,0,N/A,vendor_review
invalid_amount,UNKNOWN,card,143474,7,2,15,0,3,Visa,contact_support
payment_cancelled,SOFT_RETRYABLE,netbanking,59868,10,3,4,0,1,N/A,retry_now
psp_not_available,NETWORK_TIMEOUT,netbanking,11911,14,1,12,0,4,N/A,retry_later
bank_technical_error,NETWORK_TIMEOUT,card,479672,9,1,22,0,3,Mastercard,retry_later
credit_failed,SOFT_RETRYABLE,upi,727427,20,4,11,0,2,N/A,use_different_method
credit_failed,SOFT_RETRYABLE,upi,41907,12,2,5,0,2,N/A,use_different_method
card_network_not_enabled,HARD_METHOD_DEAD,card,43189,5,3,14,0,0,Visa,use_different_card
service_unavailable,NETWORK_TIMEOUT,card,132681,10,1,15,0,3,Visa,retry_later
invalid_vpa,SOFT_RETRYABLE,upi,643807,0,5,1,0,3,N/A,retry_now
payment_risk_check_failed,RISK_FLAGGED,upi,91281,3,4,21,0,1,N/A,vendor_review
psp_not_available,NETWORK_TIMEOUT,card,27124,3,1,12,0,4,RuPay,retry_later
credit_failed,SOFT_RETRYABLE,upi,299900,19,1,3,0,1,N/A,use_different_method
transaction_frequency_limit_exceeded,SOFT_RETRYABLE,upi,691672,3,1,11,0,2,N/A,use_different_method
record_not_found,NETWORK_TIMEOUT,upi,99900,13,7,19,0,1,N/A,retry_later
payment_amount_tampered,RISK_FLAGGED,card,299900,1,0,16,0,1,RuPay,vendor_review
merchant_not_activated,UNKNOWN,card,185742,1,1,14,1,0,Mastercard,contact_support
order_already_paid,UNKNOWN,netbanking,972649,20,1,13,0,3,N/A,no_action
incorrect_cvv,SOFT_RETRYABLE,card,26405,15,0,17,0,1,RuPay,retry_now
incorrect_cvv,SOFT_RETRYABLE,card,26938,12,4,10,0,2,RuPay,retry_now
gateway_error,NETWORK_TIMEOUT,card,78855,4,0,15,0,2,Mastercard,retry_later
merchant_not_activated,UNKNOWN,card,103983,0,1,20,0,2,Mastercard,contact_support
payment_risk_check_failed,RISK_FLAGGED,card,81774,10,1,14,0,1,Visa,vendor_review
emi_plan_unavailable,HARD_METHOD_DEAD,netbanking,299900,16,1,12,0,0,N/A,use_different_method
card_not_enrolled,HARD_METHOD_DEAD,card,111858,14,0,21,0,0,Visa,enable_online_transactions
compliance_violation,UNKNOWN,upi,198242,5,6,14,0,0,N/A,contact_support
payment_collect_request_expired,SOFT_RETRYABLE,upi,491544,10,4,22,0,2,N/A,retry_now
vpa_resolution_failed,NETWORK_TIMEOUT,upi,190795,7,0,14,0,3,N/A,retry_later
invalid_vpa,SOFT_RETRYABLE,upi,13918,3,2,17,0,2,N/A,retry_now
psp_not_registered,HARD_METHOD_DEAD,upi,99900,9,0,17,0,0,N/A,use_different_method
gateway_technical_error,NETWORK_TIMEOUT,card,73683,11,1,19,0,2,RuPay,retry_later
bank_account_invalid,HARD_METHOD_DEAD,upi,999000,2,1,18,0,0,N/A,use_different_method
transaction_frequency_limit_exceeded,SOFT_RETRYABLE,upi,50933,12,2,16,0,2,N/A,use_different_method
payment_pending,SOFT_RETRYABLE,netbanking,246106,10,0,16,0,2,N/A,retry_later
incorrect_card_details,SOFT_RETRYABLE,card,79447,11,6,21,0,2,Visa,check_card_details
incorrect_card_details,SOFT_RETRYABLE,card,185819,3,7,17,0,3,Mastercard,check_card_details
payment_amount_tampered,RISK_FLAGGED,upi,199900,5,2,18,0,1,N/A,vendor_review
service_unavailable,NETWORK_TIMEOUT,card,21735,13,2,18,0,4,Visa,retry_later
payment_risk_check_failed,RISK_FLAGGED,upi,99900,5,4,22,0,1,N/A,vendor_review
emi_plan_unavailable,HARD_METHOD_DEAD,netbanking,99990,17,1,21,0,1,N/A,use_different_method
transaction_daily_count_exceeded,SOFT_RETRYABLE,card,95957,19,2,11,0,1,Visa,use_different_method
compliance_violation,UNKNOWN,upi,21004,3,1,4,0,2,N/A,contact_support
mandate_creation_declined,HARD_METHOD_DEAD,upi,49990,2,0,15,0,1,N/A,use_different_method
mandate_creation_expired,SOFT_RETRYABLE,upi,475955,1,1,4,0,1,N/A,retry_now
invalid_device,HARD_METHOD_DEAD,upi,99990,9,0,14,0,1,N/A,use_different_method
payment_session_expired,SOFT_RETRYABLE,netbanking,299900,11,0,18,0,1,N/A,retry_now
upi_app_technical_error,NETWORK_TIMEOUT,netbanking,172585,18,3,11,0,4,N/A,retry_later
payment_amount_tampered,RISK_FLAGGED,card,383184,18,1,15,0,2,Visa,vendor_review
mandate_creation_expired,SOFT_RETRYABLE,upi,117936,1,6,12,0,2,N/A,retry_now
payment_risk_check_failed,RISK_FLAGGED,card,169077,5,4,11,1,0,RuPay,vendor_review
psp_app_not_available,NETWORK_TIMEOUT,card,19990,14,1,15,0,3,Mastercard,retry_later
incorrect_otp,SOFT_RETRYABLE,netbanking,912207,20,2,17,1,2,N/A,retry_now
card_declined,HARD_METHOD_DEAD,card,92246,1,2,4,1,0,RuPay,use_different_method
transaction_frequency_limit_exceeded,SOFT_RETRYABLE,upi,595467,16,0,14,1,1,N/A,use_different_method
payment_amount_tampered,RISK_FLAGGED,card,632710,0,2,22,1,1,Visa,vendor_review
otp_attempts_exceeded,HARD_METHOD_DEAD,card,150579,4,0,15,0,0,RuPay,use_different_card
card_network_not_enabled,HARD_METHOD_DEAD,card,49990,4,0,14,0,1,Visa,use_different_card
record_not_found,NETWORK_TIMEOUT,card,183717,20,7,20,0,3,RuPay,retry_later
payment_pending,SOFT_RETRYABLE,card,99990,9,7,12,0,4,Visa,retry_later
collect_on_mcc_blocked,HARD_METHOD_DEAD,upi,46428,3,0,17,0,1,N/A,use_different_method
pin_not_set,HARD_METHOD_DEAD,upi,299900,2,0,12,0,0,N/A,use_different_method
transaction_on_vpa_restricted,HARD_METHOD_DEAD,upi,171990,7,6,22,0,1,N/A,use_different_method
incorrect_card_expiry_date,SOFT_RETRYABLE,card,299900,1,2,22,0,1,RuPay,check_card_details
payment_session_expired,SOFT_RETRYABLE,card,175254,3,8,17,0,2,Visa,retry_now
mcc_amount_limit_exceeded,HARD_METHOD_DEAD,upi,66604,6,5,16,0,0,N/A,use_different_method
card_type_invalid,HARD_METHOD_DEAD,card,331290,2,7,20,0,0,Mastercard,use_different_card
incorrect_atm_pin,SOFT_RETRYABLE,netbanking,89216,9,6,10,0,4,N/A,retry_now
payment_cancelled,SOFT_RETRYABLE,card,49990,13,1,22,0,1,Visa,retry_now
payment_session_expired,SOFT_RETRYABLE,card,118731,8,3,15,0,1,Visa,retry_now
psp_not_available,NETWORK_TIMEOUT,card,28365,3,1,19,0,5,RuPay,retry_later
credit_limit_inactive,HARD_METHOD_DEAD,netbanking,299900,6,1,16,0,1,N/A,use_different_method
payment_session_expired,SOFT_RETRYABLE,card,188049,11,2,13,0,1,Visa,retry_now
upi_app_technical_error,NETWORK_TIMEOUT,card,49990,3,2,8,0,4,Mastercard,retry_later
transaction_daily_limit_exceeded,SOFT_RETRYABLE,card,391584,15,0,18,1,1,RuPay,use_different_method
invalid_device,HARD_METHOD_DEAD,upi,142888,18,1,19,0,0,N/A,use_different_method
mcc_amount_limit_exceeded,HARD_METHOD_DEAD,upi,58181,4,0,14,0,1,N/A,use_different_method
incorrect_cardholder_name,SOFT_RETRYABLE,card,122250,12,3,12,0,2,Visa,check_card_details
order_amount_mismatch,UNKNOWN,card,154028,10,1,15,0,2,Visa,retry_now
transaction_limit_exceeded,SOFT_RETRYABLE,card,697465,8,0,10,0,2,RuPay,use_different_method
bank_account_invalid,HARD_METHOD_DEAD,upi,19990,3,1,9,0,1,N/A,use_different_method
gateway_error,NETWORK_TIMEOUT,card,81097,9,9,4,0,2,RuPay,retry_later
card_number_invalid,SOFT_RETRYABLE,card,49990,18,3,19,0,1,Visa,check_card_details
payment_risk_check_failed,RISK_FLAGGED,card,113079,9,0,5,0,2,RuPay,vendor_review
service_unavailable,NETWORK_TIMEOUT,card,21625,13,0,10,0,2,RuPay,retry_later
transaction_daily_count_exceeded,SOFT_RETRYABLE,netbanking,49990,17,0,11,0,2,N/A,use_different_method
payment_timed_out,NETWORK_TIMEOUT,upi,300989,16,1,20,0,2,N/A,retry_now
pin_not_set,HARD_METHOD_DEAD,upi,63048,14,2,20,0,1,N/A,use_different_method
invalid_order_id,UNKNOWN,card,53104,3,3,20,0,0,Mastercard,retry_now
mandate_creation_timeout,NETWORK_TIMEOUT,card,362943,14,2,11,0,2,Visa,retry_later
mandate_creation_expired,SOFT_RETRYABLE,upi,71612,15,4,7,0,2,N/A,retry_now
record_not_found,NETWORK_TIMEOUT,upi,17994,16,6,18,0,3,N/A,retry_later
payment_session_expired,SOFT_RETRYABLE,card,17192,11,2,10,0,2,Visa,retry_now
incorrect_cvv,SOFT_RETRYABLE,card,105837,10,3,10,0,1,RuPay,retry_now
incorrect_atm_pin,SOFT_RETRYABLE,card,420291,10,6,16,0,2,Mastercard,retry_now
record_not_found,NETWORK_TIMEOUT,upi,61418,11,3,10,0,5,N/A,retry_later
otp_attempts_exceeded,HARD_METHOD_DEAD,card,99990,1,0,3,1,0,Mastercard,use_different_card
order_already_paid,UNKNOWN,netbanking,99900,5,3,7,0,1,N/A,no_action
authentication_failed,SOFT_RETRYABLE,netbanking,40592,16,3,19,0,3,N/A,retry_now
payment_risk_check_failed,RISK_FLAGGED,netbanking,87450,16,6,16,0,0,N/A,vendor_review
mandate_creation_timeout,NETWORK_TIMEOUT,card,29458,8,0,13,0,3,RuPay,retry_later
emi_plan_unavailable,HARD_METHOD_DEAD,netbanking,169368,1,0,20,0,0,N/A,use_different_method
upi_app_technical_error,NETWORK_TIMEOUT,upi,88926,1,0,18,0,3,N/A,retry_later
payment_risk_check_failed,RISK_FLAGGED,card,72673,17,3,16,0,1,RuPay,vendor_review
credit_failed,SOFT_RETRYABLE,upi,75079,11,4,22,0,4,N/A,use_different_method
server_error,NETWORK_TIMEOUT,upi,999000,8,0,19,0,3,N/A,retry_later
pin_attempts_exceeded,HARD_METHOD_DEAD,card,757114,5,3,12,0,0,RuPay,use_different_card
upi_app_technical_error,NETWORK_TIMEOUT,upi,109643,19,3,13,0,4,N/A,retry_later
payment_pending,SOFT_RETRYABLE,card,97292,18,6,10,1,2,Visa,retry_later
service_unavailable,NETWORK_TIMEOUT,card,98246,10,7,11,0,2,Mastercard,retry_later
transaction_daily_count_exceeded,SOFT_RETRYABLE,card,70061,12,9,20,0,1,AMEX,use_different_method
verification_failed,NETWORK_TIMEOUT,card,17255,13,3,16,0,3,AMEX,retry_later
order_already_paid,UNKNOWN,netbanking,84189,6,0,14,0,1,N/A,no_action
payment_risk_check_failed,RISK_FLAGGED,card,408722,18,1,19,0,0,RuPay,vendor_review
payment_collect_request_expired,SOFT_RETRYABLE,upi,241019,11,8,16,0,1,N/A,retry_now
request_timed_out,NETWORK_TIMEOUT,upi,299900,11,1,13,0,3,N/A,retry_now
card_disabled_for_online_payments,HARD_METHOD_DEAD,card,499900,4,4,16,0,0,Visa,enable_online_transactions
card_number_invalid,SOFT_RETRYABLE,card,999000,11,2,10,0,2,Mastercard,check_card_details
user_not_registered_for_netbanking,HARD_METHOD_DEAD,netbanking,21001,10,2,7,0,0,N/A,use_different_method
payment_session_expired,SOFT_RETRYABLE,card,49990,10,1,14,0,3,Mastercard,retry_now
payment_timed_out,NETWORK_TIMEOUT,card,53444,16,1,14,0,4,RuPay,retry_now
duplicate_request,UNKNOWN,card,162685,3,8,9,0,1,AMEX,no_action
debit_instrument_inactive,HARD_METHOD_DEAD,card,259611,18,0,5,0,0,AMEX,contact_bank
psp_not_available,NETWORK_TIMEOUT,upi,236160,16,4,17,0,3,N/A,retry_later
transaction_daily_count_exceeded,SOFT_RETRYABLE,card,72714,12,2,22,0,1,AMEX,use_different_method
mcc_amount_limit_exceeded,HARD_METHOD_DEAD,upi,19990,9,1,10,0,0,N/A,use_different_method
invalid_order_id,UNKNOWN,card,19990,6,2,19,0,0,Mastercard,retry_now
invalid_device,HARD_METHOD_DEAD,upi,199900,3,6,21,0,0,N/A,use_different_method
payment_session_expired,SOFT_RETRYABLE,card,69203,9,1,3,1,2,Visa,retry_now
credit_limit_exceeded,HARD_METHOD_DEAD,netbanking,143284,7,8,16,0,0,N/A,use_different_method
payment_collect_request_expired,SOFT_RETRYABLE,upi,100484,14,0,2,0,3,N/A,retry_now
incorrect_pin,SOFT_RETRYABLE,card,79068,19,1,16,0,2,RuPay,retry_now
service_unavailable,NETWORK_TIMEOUT,upi,270128,8,0,15,0,3,N/A,retry_later
incorrect_card_details,SOFT_RETRYABLE,card,184476,18,0,14,0,2,Mastercard,check_card_details
incorrect_cvv,SOFT_RETRYABLE,card,999000,19,2,20,0,3,Mastercard,retry_now
payment_collect_request_expired,SOFT_RETRYABLE,upi,49990,5,1,22,0,2,N/A,retry_now
credit_failed,SOFT_RETRYABLE,upi,199516,14,2,3,0,2,N/A,use_different_method
payment_amount_tampered,RISK_FLAGGED,card,261445,12,0,18,0,2,Mastercard,vendor_review
bank_not_available,NETWORK_TIMEOUT,upi,498784,9,0,15,0,2,N/A,retry_later
compliance_violation,UNKNOWN,upi,63848,17,9,4,0,0,N/A,contact_support
transaction_daily_count_exceeded,SOFT_RETRYABLE,card,135122,13,1,22,0,1,Mastercard,use_different_method
transaction_daily_limit_exceeded,SOFT_RETRYABLE,netbanking,176179,0,4,21,0,2,N/A,use_different_method
payment_amount_tampered,RISK_FLAGGED,upi,49990,4,0,12,0,0,N/A,vendor_review
card_declined,HARD_METHOD_DEAD,card,102035,1,5,10,0,0,AMEX,use_different_method
payment_amount_tampered,RISK_FLAGGED,netbanking,99990,3,1,5,0,1,N/A,vendor_review
card_declined,HARD_METHOD_DEAD,card,299900,0,2,17,1,0,RuPay,use_different_method
invalid_amount,UNKNOWN,card,199900,10,0,14,0,2,RuPay,contact_support
incorrect_atm_pin,SOFT_RETRYABLE,netbanking,89895,13,1,20,0,4,N/A,retry_now
gateway_technical_error,NETWORK_TIMEOUT,card,999000,9,1,7,0,1,Mastercard,retry_later
vpa_resolution_failed,NETWORK_TIMEOUT,upi,358052,6,2,16,0,1,N/A,retry_later
order_amount_mismatch,UNKNOWN,card,19207,7,8,10,0,2,Mastercard,retry_now
transaction_frequency_limit_exceeded,SOFT_RETRYABLE,upi,508651,13,0,10,0,2,N/A,use_different_method
mandate_creation_declined,HARD_METHOD_DEAD,upi,499900,3,1,13,0,0,N/A,use_different_method
bank_technical_error,NETWORK_TIMEOUT,upi,41178,2,0,17,0,1,N/A,retry_later
card_expired,HARD_METHOD_DEAD,card,121374,6,1,21,0,0,RuPay,use_different_card
payment_risk_check_failed,RISK_FLAGGED,upi,45549,6,0,20,0,0,N/A,vendor_review
record_not_found,NETWORK_TIMEOUT,upi,85123,14,0,10,1,4,N/A,retry_later
payment_timed_out,NETWORK_TIMEOUT,card,14535,12,6,16,0,2,RuPay,retry_now
mandate_creation_expired,SOFT_RETRYABLE,upi,16803,6,4,12,0,2,N/A,retry_now
card_type_invalid,HARD_METHOD_DEAD,card,138120,7,1,17,0,1,AMEX,use_different_card
collect_on_mcc_blocked,HARD_METHOD_DEAD,upi,99900,18,0,20,0,1,N/A,use_different_method
credit_failed,SOFT_RETRYABLE,upi,41117,10,8,4,0,1,N/A,use_different_method
payment_amount_tampered,RISK_FLAGGED,upi,166148,1,4,19,0,1,N/A,vendor_review
transaction_daily_count_exceeded,SOFT_RETRYABLE,netbanking,141589,11,0,4,0,2,N/A,use_different_method
payment_cancelled,SOFT_RETRYABLE,card,37115,11,1,2,0,2,RuPay,retry_now
debit_instrument_blocked,HARD_METHOD_DEAD,card,56527,5,0,12,1,0,Mastercard,contact_bank
pin_attempts_exceeded,HARD_METHOD_DEAD,card,25819,0,5,4,0,0,Mastercard,use_different_card
input_validation_failed,UNKNOWN,card,12757,20,0,22,0,3,RuPay,check_card_details
payment_pending,SOFT_RETRYABLE,card,66674,16,1,20,0,2,RuPay,retry_later
incorrect_atm_pin,SOFT_RETRYABLE,card,42115,13,1,15,0,1,Visa,retry_now
payment_failed,SOFT_RETRYABLE,netbanking,81158,15,9,11,0,3,N/A,retry_later
gateway_error,NETWORK_TIMEOUT,card,38607,1,4,22,0,3,RuPay,retry_later
order_already_paid,UNKNOWN,netbanking,99900,12,7,22,0,3,N/A,no_action
transaction_limit_exceeded,SOFT_RETRYABLE,card,214689,14,1,12,0,1,AMEX,use_different_method
payment_amount_tampered,RISK_FLAGGED,card,19990,0,1,19,0,0,RuPay,vendor_review
payment_amount_tampered,RISK_FLAGGED,upi,28466,12,5,2,0,2,N/A,vendor_review
incorrect_atm_pin,SOFT_RETRYABLE,card,728945,15,8,12,0,2,RuPay,retry_now
payment_declined_due_to_high_traffic,NETWORK_TIMEOUT,card,48502,4,3,18,0,5,AMEX,retry_later
mandate_creation_expired,SOFT_RETRYABLE,upi,74935,5,3,15,0,3,N/A,retry_now
transaction_on_vpa_restricted,HARD_METHOD_DEAD,upi,19990,10,1,23,1,0,N/A,use_different_method
amount_less_than_minimum_amount,UNKNOWN,netbanking,396691,1,1,20,0,0,N/A,contact_support
card_expired,HARD_METHOD_DEAD,card,19625,4,6,11,0,1,Visa,use_different_card
psp_app_not_available,NETWORK_TIMEOUT,upi,185574,5,6,11,0,5,N/A,retry_later
gateway_error,NETWORK_TIMEOUT,netbanking,199900,2,2,4,0,1,N/A,retry_later
funds_blocked_by_mandate,HARD_METHOD_DEAD,upi,499900,9,8,11,0,0,N/A,use_different_method
card_type_invalid,HARD_METHOD_DEAD,card,59896,4,1,17,0,1,Mastercard,use_different_card
invalid_vpa,SOFT_RETRYABLE,upi,80868,10,4,10,0,3,N/A,retry_now
psp_app_not_available,NETWORK_TIMEOUT,netbanking,49990,3,6,18,0,3,N/A,retry_later
invalid_order_id,UNKNOWN,card,37672,13,0,20,0,3,Mastercard,retry_now
card_declined,HARD_METHOD_DEAD,card,82258,4,0,10,0,0,Mastercard,use_different_method
payment_timed_out,NETWORK_TIMEOUT,card,113034,18,2,14,0,4,RuPay,retry_now
mandate_creation_expired,SOFT_RETRYABLE,upi,49990,10,2,16,1,3,N/A,retry_now
credit_failed,SOFT_RETRYABLE,upi,49990,8,5,21,0,3,N/A,use_different_method
duplicate_request,UNKNOWN,card,94514,1,1,13,0,2,RuPay,no_action
invalid_device,HARD_METHOD_DEAD,upi,62772,1,5,0,0,1,N/A,use_different_method
authentication_failed,SOFT_RETRYABLE,card,343544,10,1,11,0,1,Mastercard,retry_now
psp_app_not_available,NETWORK_TIMEOUT,netbanking,121333,16,0,2,0,3,N/A,retry_later
server_error,NETWORK_TIMEOUT,netbanking,135170,13,2,21,1,5,N/A,retry_later
gateway_error,NETWORK_TIMEOUT,card,193321,19,2,16,0,3,Visa,retry_later
mandate_creation_expired,SOFT_RETRYABLE,upi,99990,12,2,20,0,1,N/A,retry_now
gateway_error,NETWORK_TIMEOUT,netbanking,185290,8,0,1,0,4,N/A,retry_later
psp_app_not_supported,HARD_METHOD_DEAD,upi,133904,17,1,19,0,0,N/A,use_different_method
card_type_invalid,HARD_METHOD_DEAD,card,187964,4,1,20,0,0,Visa,use_different_card
deemed_transaction,SOFT_RETRYABLE,card,99990,13,0,14,0,3,Visa,retry_later
gateway_technical_error,NETWORK_TIMEOUT,card,176391,12,2,13,0,4,Visa,retry_later
incorrect_atm_pin,SOFT_RETRYABLE,card,999000,20,6,4,0,3,RuPay,retry_now
payment_declined_due_to_high_traffic,NETWORK_TIMEOUT,upi,299900,7,4,22,0,4,N/A,retry_later
payment_cancelled,SOFT_RETRYABLE,card,150143,0,2,10,0,3,Mastercard,retry_now
incorrect_cardholder_name,SOFT_RETRYABLE,card,50806,5,1,12,0,1,RuPay,check_card_details
mandate_creation_timeout,NETWORK_TIMEOUT,upi,27436,9,6,13,0,5,N/A,retry_later
incorrect_atm_pin,SOFT_RETRYABLE,card,499900,5,3,12,0,1,Mastercard,retry_now
transaction_frequency_limit_exceeded,SOFT_RETRYABLE,upi,16222,14,1,18,0,3,N/A,use_different_method
otp_attempts_exceeded,HARD_METHOD_DEAD,card,135287,8,3,11,0,0,Visa,use_different_card
card_network_not_enabled,HARD_METHOD_DEAD,card,19990,4,1,18,0,0,RuPay,use_different_card
incorrect_otp,SOFT_RETRYABLE,card,458953,5,0,21,0,4,Mastercard,retry_now
gateway_error,NETWORK_TIMEOUT,netbanking,499900,17,5,20,0,4,N/A,retry_later
card_not_enrolled,HARD_METHOD_DEAD,card,99990,16,7,21,0,1,Visa,enable_online_transactions
gateway_error,NETWORK_TIMEOUT,netbanking,450639,16,3,3,0,4,N/A,retry_later
card_network_not_enabled,HARD_METHOD_DEAD,card,157331,2,1,10,0,1,RuPay,use_different_card
payment_amount_tampered,RISK_FLAGGED,card,49990,9,0,16,0,1,Mastercard,vendor_review
compliance_violation,UNKNOWN,upi,180934,1,3,15,0,1,N/A,contact_support
user_not_registered_for_netbanking,HARD_METHOD_DEAD,netbanking,76165,15,5,2,0,0,N/A,use_different_method
mandate_creation_expired,SOFT_RETRYABLE,upi,130702,3,1,11,0,2,N/A,retry_now
gateway_technical_error,NETWORK_TIMEOUT,upi,99900,16,4,20,0,3,N/A,retry_later
credit_limit_inactive,HARD_METHOD_DEAD,netbanking,438168,4,4,21,0,1,N/A,use_different_method
debit_instrument_blocked,HARD_METHOD_DEAD,card,48170,7,1,12,0,1,RuPay,contact_bank
bank_not_available,NETWORK_TIMEOUT,card,61397,6,4,15,0,3,RuPay,retry_later
funds_blocked_by_mandate,HARD_METHOD_DEAD,upi,165987,1,1,10,0,0,N/A,use_different_method
payment_risk_check_failed,RISK_FLAGGED,upi,23473,4,2,16,0,0,N/A,vendor_review
otp_attempts_exceeded,HARD_METHOD_DEAD,card,737322,13,0,21,0,1,Mastercard,use_different_card
mandate_creation_expired,SOFT_RETRYABLE,upi,49990,14,6,21,0,4,N/A,retry_now
card_declined,HARD_METHOD_DEAD,card,499079,18,3,18,0,1,RuPay,use_different_method
payment_timed_out,NETWORK_TIMEOUT,card,49990,15,0,14,0,1,RuPay,retry_now
credit_failed,SOFT_RETRYABLE,upi,19990,15,2,22,0,2,N/A,use_different_method
payment_cancelled,SOFT_RETRYABLE,card,663821,19,0,13,0,3,RuPay,retry_now
credit_limit_inactive,HARD_METHOD_DEAD,netbanking,302907,12,8,12,0,0,N/A,use_different_method
card_expired,HARD_METHOD_DEAD,card,116949,2,5,17,0,0,Visa,use_different_card
insufficient_funds,SOFT_RETRYABLE,card,146835,2,3,12,0,3,Visa,retry_later
record_not_found,NETWORK_TIMEOUT,card,99990,8,1,19,0,5,RuPay,retry_later
merchant_not_activated,UNKNOWN,card,19990,19,3,22,0,0,Mastercard,contact_support
transaction_daily_limit_exceeded,SOFT_RETRYABLE,netbanking,163707,1,6,18,0,1,N/A,use_different_method
psp_not_registered,HARD_METHOD_DEAD,upi,37841,15,1,18,0,1,N/A,use_different_method
bank_technical_error,NETWORK_TIMEOUT,upi,299900,14,0,12,0,3,N/A,retry_later
transaction_daily_count_exceeded,SOFT_RETRYABLE,card,141372,0,3,20,0,1,RuPay,use_different_method
credit_failed,SOFT_RETRYABLE,upi,49990,13,0,12,0,2,N/A,use_different_method
verification_failed,NETWORK_TIMEOUT,card,354554,19,0,22,0,4,AMEX,retry_later
incorrect_atm_pin,SOFT_RETRYABLE,netbanking,999000,12,7,21,0,3,N/A,retry_now
payment_risk_check_failed,RISK_FLAGGED,netbanking,35370,1,3,10,0,2,N/A,vendor_review
service_unavailable,NETWORK_TIMEOUT,upi,19990,15,1,12,0,2,N/A,retry_later
payment_session_expired,SOFT_RETRYABLE,card,139966,14,0,22,0,2,Visa,retry_now
payment_cancelled,SOFT_RETRYABLE,card,98973,15,5,15,0,2,Visa,retry_now
gateway_error,NETWORK_TIMEOUT,card,19990,7,6,11,0,4,Mastercard,retry_later
mcc_amount_limit_exceeded,HARD_METHOD_DEAD,upi,49990,7,10,22,0,0,N/A,use_different_method
payment_timed_out,NETWORK_TIMEOUT,netbanking,151908,9,0,22,0,4,N/A,retry_now
incorrect_atm_pin,SOFT_RETRYABLE,card,146929,1,4,14,0,1,Visa,retry_now
payment_amount_tampered,RISK_FLAGGED,card,99990,1,8,14,0,0,Mastercard,vendor_review
credit_failed,SOFT_RETRYABLE,upi,110103,12,1,16,0,3,N/A,use_different_method
user_not_registered_for_netbanking,HARD_METHOD_DEAD,netbanking,499900,2,2,12,0,0,N/A,use_different_method
transaction_limit_exceeded,SOFT_RETRYABLE,card,162660,11,2,16,1,1,Mastercard,use_different_method
invalid_vpa,SOFT_RETRYABLE,upi,499900,7,0,19,0,2,N/A,retry_now
psp_not_registered,HARD_METHOD_DEAD,upi,71689,15,0,19,0,0,N/A,use_different_method
payment_declined_due_to_high_traffic,NETWORK_TIMEOUT,upi,159338,13,0,12,0,2,N/A,retry_later
payment_timed_out,NETWORK_TIMEOUT,card,99900,17,2,2,0,2,Mastercard,retry_now
credit_limit_not_approved,HARD_METHOD_DEAD,netbanking,105594,10,1,15,0,0,N/A,use_different_method
mcc_amount_limit_exceeded,HARD_METHOD_DEAD,upi,299900,12,6,19,0,0,N/A,use_different_method
mcc_amount_limit_exceeded,HARD_METHOD_DEAD,upi,149056,9,3,15,0,0,N/A,use_different_method
mandate_creation_expired,SOFT_RETRYABLE,upi,999000,15,1,15,0,2,N/A,retry_now
compliance_violation,UNKNOWN,upi,186314,1,0,5,0,1,N/A,contact_support
psp_app_not_supported,HARD_METHOD_DEAD,upi,10593,13,4,19,0,0,N/A,use_different_method
transaction_daily_count_exceeded,SOFT_RETRYABLE,card,473057,8,8,22,0,2,Mastercard,use_different_method
mandate_creation_expired,SOFT_RETRYABLE,upi,19990,13,3,20,1,1,N/A,retry_now
otp_attempts_exceeded,HARD_METHOD_DEAD,card,99900,11,0,14,0,0,Mastercard,use_different_card
payment_collect_request_expired,SOFT_RETRYABLE,upi,999000,12,0,11,0,2,N/A,retry_now
credit_failed,SOFT_RETRYABLE,upi,331047,14,8,22,0,2,N/A,use_different_method
user_not_registered_for_netbanking,HARD_METHOD_DEAD,netbanking,999000,9,10,13,0,0,N/A,use_different_method
gateway_error,NETWORK_TIMEOUT,upi,99990,3,7,15,0,3,N/A,retry_later
credit_limit_exceeded,HARD_METHOD_DEAD,netbanking,19990,16,0,13,0,0,N/A,use_different_method
payment_session_expired,SOFT_RETRYABLE,card,170873,19,5,15,0,4,RuPay,retry_now
payment_amount_tampered,RISK_FLAGGED,card,999000,6,2,16,0,1,Mastercard,vendor_review
credit_failed,SOFT_RETRYABLE,upi,19990,10,0,14,0,1,N/A,use_different_method
invalid_amount,UNKNOWN,card,99990,4,1,19,0,1,Visa,contact_support
incorrect_cardholder_name,SOFT_RETRYABLE,card,125599,5,8,22,1,2,Visa,check_card_details
payment_amount_tampered,RISK_FLAGGED,upi,84327,0,0,13,0,0,N/A,vendor_review
record_not_found,NETWORK_TIMEOUT,card,43679,9,1,20,0,2,Mastercard,retry_later
service_unavailable,NETWORK_TIMEOUT,card,73796,15,1,19,0,4,Visa,retry_later
credit_failed,SOFT_RETRYABLE,upi,152955,16,0,13,0,2,N/A,use_different_method
psp_not_available,NETWORK_TIMEOUT,card,473021,19,1,10,0,2,Visa,retry_later
pin_not_set,HARD_METHOD_DEAD,upi,199900,18,1,22,0,1,N/A,use_different_method
transaction_daily_count_exceeded,SOFT_RETRYABLE,card,49990,11,0,12,1,2,RuPay,use_different_method
deemed_transaction,SOFT_RETRYABLE,card,270740,19,3,19,0,3,RuPay,retry_later
service_unavailable,NETWORK_TIMEOUT,upi,318981,16,1,14,0,1,N/A,retry_later
debit_instrument_inactive,HARD_METHOD_DEAD,card,299900,18,1,16,0,0,RuPay,contact_bank
bank_cutoff_in_progress,NETWORK_TIMEOUT,card,999000,16,0,20,0,4,RuPay,retry_later
bank_account_invalid,HARD_METHOD_DEAD,upi,135136,5,5,14,0,0,N/A,use_different_method
debit_instrument_blocked,HARD_METHOD_DEAD,card,99900,2,0,21,0,0,Visa,contact_bank
payment_cancelled,SOFT_RETRYABLE,card,58579,11,4,22,0,1,RuPay,retry_now
incorrect_card_expiry_date,SOFT_RETRYABLE,card,999000,16,0,7,0,4,Visa,check_card_details
merchant_not_activated,UNKNOWN,card,309187,5,3,15,0,2,RuPay,contact_support
psp_app_not_available,NETWORK_TIMEOUT,card,99900,17,0,20,0,1,RuPay,retry_later
server_error,NETWORK_TIMEOUT,card,299900,14,0,7,0,1,Mastercard,retry_later
live_mode_not_enabled,UNKNOWN,netbanking,30074,10,4,13,0,1,N/A,contact_support
incorrect_card_expiry_date,SOFT_RETRYABLE,netbanking,27559,7,0,18,0,2,N/A,check_card_details
payment_pending,SOFT_RETRYABLE,card,82582,5,2,14,0,2,RuPay,retry_later
vpa_resolution_failed,NETWORK_TIMEOUT,upi,181191,7,3,18,0,2,N/A,retry_later
debit_instrument_inactive,HARD_METHOD_DEAD,card,24378,1,3,12,0,0,Visa,contact_bank
transaction_daily_count_exceeded,SOFT_RETRYABLE,card,191823,13,0,21,0,4,Visa,use_different_method
bank_technical_error,NETWORK_TIMEOUT,netbanking,147208,12,7,15,0,1,N/A,retry_later
service_unavailable,NETWORK_TIMEOUT,upi,199900,3,0,13,0,2,N/A,retry_later
transaction_frequency_limit_exceeded,SOFT_RETRYABLE,upi,175472,9,1,11,0,1,N/A,use_different_method
payment_pending,SOFT_RETRYABLE,card,488302,20,1,22,0,3,Visa,retry_later
transaction_frequency_limit_exceeded,SOFT_RETRYABLE,upi,333116,9,1,0,0,4,N/A,use_different_method
service_unavailable,NETWORK_TIMEOUT,netbanking,38057,17,0,22,0,5,N/A,retry_later
gateway_technical_error,NETWORK_TIMEOUT,upi,28041,7,6,14,0,1,N/A,retry_later
payment_amount_tampered,RISK_FLAGGED,upi,85427,14,0,10,0,1,N/A,vendor_review
credit_failed,SOFT_RETRYABLE,upi,263098,17,0,19,0,2,N/A,use_different_method
credit_failed,SOFT_RETRYABLE,upi,19990,5,3,14,0,2,N/A,use_different_method
payment_timed_out,NETWORK_TIMEOUT,upi,99900,12,0,16,0,2,N/A,retry_now
bank_not_available,NETWORK_TIMEOUT,card,168615,7,0,10,0,3,Visa,retry_later
bank_not_available,NETWORK_TIMEOUT,card,13072,15,0,22,0,2,Visa,retry_later
debit_instrument_blocked,HARD_METHOD_DEAD,card,21147,1,0,4,0,1,Visa,contact_bank
pin_attempts_exceeded,HARD_METHOD_DEAD,card,196895,7,0,14,0,0,AMEX,use_different_card
mandate_creation_declined,HARD_METHOD_DEAD,upi,105600,3,0,21,0,0,N/A,use_different_method
card_number_invalid,SOFT_RETRYABLE,card,147115,17,0,20,0,4,Mastercard,check_card_details
user_not_eligible,HARD_METHOD_DEAD,netbanking,297637,2,8,21,1,0,N/A,use_different_method
incorrect_card_details,SOFT_RETRYABLE,card,56480,13,0,16,0,1,Visa,check_card_details
incorrect_cvv,SOFT_RETRYABLE,netbanking,318171,5,6,11,0,2,N/A,retry_now
payment_amount_tampered,RISK_FLAGGED,upi,89246,4,2,12,0,1,N/A,vendor_review
mandate_creation_expired,SOFT_RETRYABLE,upi,276002,13,2,11,0,4,N/A,retry_now
incorrect_cvv,SOFT_RETRYABLE,netbanking,416977,19,1,20,0,1,N/A,retry_now
card_number_invalid,SOFT_RETRYABLE,card,178067,7,3,21,0,1,RuPay,check_card_details
payment_declined_due_to_high_traffic,NETWORK_TIMEOUT,upi,271997,5,0,10,0,5,N/A,retry_later
card_disabled_for_online_payments,HARD_METHOD_DEAD,card,67477,15,1,17,0,0,RuPay,enable_online_transactions
request_timed_out,NETWORK_TIMEOUT,upi,84864,12,2,1,0,3,N/A,retry_now
payment_failed,SOFT_RETRYABLE,netbanking,105045,12,2,10,0,2,N/A,retry_later
card_not_enrolled,HARD_METHOD_DEAD,card,107050,10,6,20,0,1,Visa,enable_online_transactions
emi_plan_unavailable,HARD_METHOD_DEAD,netbanking,68998,0,1,6,0,0,N/A,use_different_method
payment_declined_due_to_high_traffic,NETWORK_TIMEOUT,upi,199900,14,2,21,0,4,N/A,retry_later
invalid_order_id,UNKNOWN,card,99990,7,3,12,0,2,Mastercard,retry_now
transaction_frequency_limit_exceeded,SOFT_RETRYABLE,upi,499900,19,0,0,0,3,N/A,use_different_method
incorrect_cardholder_name,SOFT_RETRYABLE,netbanking,69372,10,0,13,0,1,N/A,check_card_details
card_not_enrolled,HARD_METHOD_DEAD,card,14713,1,0,19,0,1,Visa,enable_online_transactions
service_unavailable,NETWORK_TIMEOUT,card,177884,12,2,23,0,5,Visa,retry_later
transaction_daily_count_exceeded,SOFT_RETRYABLE,card,488506,2,1,14,0,2,Visa,use_different_method
payment_failed,SOFT_RETRYABLE,card,860954,13,4,16,0,2,Mastercard,retry_later
invalid_amount,UNKNOWN,card,195476,9,1,19,0,0,Visa,contact_support
incorrect_pin,SOFT_RETRYABLE,card,999000,10,1,20,0,2,Mastercard,retry_now
insufficient_funds,SOFT_RETRYABLE,card,100704,4,1,19,0,1,Visa,retry_later
payment_session_expired,SOFT_RETRYABLE,card,271075,11,2,17,0,2,RuPay,retry_now
payment_amount_tampered,RISK_FLAGGED,card,102354,2,3,11,0,0,RuPay,vendor_review
deemed_transaction,SOFT_RETRYABLE,card,404145,6,0,9,0,2,Visa,retry_later
server_error,NETWORK_TIMEOUT,card,49566,6,1,22,1,2,Visa,retry_later
mandate_creation_timeout,NETWORK_TIMEOUT,upi,73269,15,2,4,0,1,N/A,retry_later
bank_not_available,NETWORK_TIMEOUT,netbanking,193444,17,0,10,0,3,N/A,retry_later
mandate_creation_timeout,NETWORK_TIMEOUT,card,211687,12,1,10,0,2,Mastercard,retry_later
bank_account_invalid,HARD_METHOD_DEAD,upi,99900,19,2,18,0,0,N/A,use_different_method
card_disabled_for_online_payments,HARD_METHOD_DEAD,card,54299,7,0,20,0,0,Visa,enable_online_transactions
mandate_creation_expired,SOFT_RETRYABLE,upi,158337,13,1,22,0,3,N/A,retry_now
payment_risk_check_failed,RISK_FLAGGED,upi,250894,5,3,17,0,2,N/A,vendor_review
payment_amount_tampered,RISK_FLAGGED,card,142468,5,0,15,0,2,Visa,vendor_review
mandate_creation_expired,SOFT_RETRYABLE,upi,23922,9,3,17,0,2,N/A,retry_now
payment_session_expired,SOFT_RETRYABLE,card,87359,10,9,15,0,1,Mastercard,retry_now
invalid_vpa,SOFT_RETRYABLE,upi,299900,9,0,14,0,1,N/A,retry_now
mandate_creation_declined,HARD_METHOD_DEAD,upi,17958,1,4,20,0,1,N/A,use_different_method
psp_not_available,NETWORK_TIMEOUT,card,51397,8,4,16,0,5,AMEX,retry_later
mandate_creation_timeout,NETWORK_TIMEOUT,upi,49990,2,6,0,0,4,N/A,retry_later
payment_risk_check_failed,RISK_FLAGGED,netbanking,193194,4,1,20,0,0,N/A,vendor_review
otp_attempts_exceeded,HARD_METHOD_DEAD,card,97726,1,0,12,0,0,Mastercard,use_different_card
merchant_not_activated,UNKNOWN,card,423092,8,1,17,0,0,Mastercard,contact_support
incorrect_cardholder_name,SOFT_RETRYABLE,card,99990,1,0,15,0,2,Mastercard,check_card_details
credit_failed,SOFT_RETRYABLE,upi,199900,7,2,20,0,2,N/A,use_different_method
transaction_limit_exceeded,SOFT_RETRYABLE,card,299900,12,1,16,0,4,Visa,use_different_method
mandate_creation_expired,SOFT_RETRYABLE,upi,173787,7,2,19,0,4,N/A,retry_now
bank_technical_error,NETWORK_TIMEOUT,card,49990,7,2,14,1,2,Visa,retry_later
psp_not_available,NETWORK_TIMEOUT,card,19990,11,4,10,0,5,Mastercard,retry_later
mandate_creation_declined,HARD_METHOD_DEAD,upi,299900,10,0,15,0,0,N/A,use_different_method
payment_session_expired,SOFT_RETRYABLE,card,79698,7,3,14,0,3,Visa,retry_now
payment_amount_tampered,RISK_FLAGGED,card,99990,19,1,8,0,0,Visa,vendor_review
card_disabled_for_online_payments,HARD_METHOD_DEAD,card,125450,6,3,10,0,0,RuPay,enable_online_transactions
incorrect_pin,SOFT_RETRYABLE,card,194961,8,0,11,0,2,RuPay,retry_now
invalid_vpa,SOFT_RETRYABLE,upi,499900,10,4,22,0,3,N/A,retry_now
incorrect_otp,SOFT_RETRYABLE,card,136127,15,3,22,0,1,Visa,retry_now
debit_instrument_blocked,HARD_METHOD_DEAD,card,49990,2,0,6,0,0,Mastercard,contact_bank
payment_collect_request_expired,SOFT_RETRYABLE,upi,299900,14,0,19,0,3,N/A,retry_now
vpa_resolution_failed,NETWORK_TIMEOUT,upi,339590,5,1,10,0,5,N/A,retry_later
bank_technical_error,NETWORK_TIMEOUT,upi,299900,4,2,10,0,3,N/A,retry_later
input_validation_failed,UNKNOWN,card,440884,11,1,18,1,0,Visa,check_card_details
credit_limit_inactive,HARD_METHOD_DEAD,netbanking,157308,10,0,21,0,0,N/A,use_different_method
funds_blocked_by_mandate,HARD_METHOD_DEAD,upi,158792,19,0,15,0,0,N/A,use_different_method
funds_blocked_by_mandate,HARD_METHOD_DEAD,upi,481213,1,2,1,0,0,N/A,use_different_method
payment_risk_check_failed,RISK_FLAGGED,upi,99900,17,4,19,0,1,N/A,vendor_review
incorrect_cardholder_name,SOFT_RETRYABLE,card,99990,16,9,15,0,2,Mastercard,check_card_details
incorrect_card_expiry_date,SOFT_RETRYABLE,netbanking,375801,2,0,5,0,2,N/A,check_card_details
payment_risk_check_failed,RISK_FLAGGED,card,120578,0,1,12,0,1,Mastercard,vendor_review
transaction_frequency_limit_exceeded,SOFT_RETRYABLE,upi,49990,12,1,19,0,2,N/A,use_different_method
service_unavailable,NETWORK_TIMEOUT,card,19990,6,9,19,0,4,Mastercard,retry_later
payment_collect_request_expired,SOFT_RETRYABLE,upi,499900,14,8,12,0,4,N/A,retry_now
card_number_invalid,SOFT_RETRYABLE,card,69294,1,3,5,0,1,Mastercard,check_card_details
payment_pending,SOFT_RETRYABLE,card,125951,15,6,11,0,1,RuPay,retry_later
payment_risk_check_failed,RISK_FLAGGED,card,999000,1,6,16,0,0,Visa,vendor_review
transaction_limit_exceeded,SOFT_RETRYABLE,card,17718,8,0,16,0,2,RuPay,use_different_method
payment_declined_due_to_high_traffic,NETWORK_TIMEOUT,upi,130008,3,5,13,0,4,N/A,retry_later
pin_not_set,HARD_METHOD_DEAD,upi,39051,16,2,19,0,0,N/A,use_different_method
compliance_violation,UNKNOWN,upi,191212,14,1,18,0,1,N/A,contact_support
incorrect_cardholder_name,SOFT_RETRYABLE,card,299900,14,0,19,0,1,Mastercard,check_card_details
credit_limit_not_approved,HARD_METHOD_DEAD,netbanking,92057,5,2,2,0,0,N/A,use_different_method
mandate_creation_expired,SOFT_RETRYABLE,upi,189641,3,5,10,0,4,N/A,retry_now
payment_pending,SOFT_RETRYABLE,card,122873,13,3,22,0,4,Visa,retry_later
incorrect_card_expiry_date,SOFT_RETRYABLE,card,367916,9,0,14,0,2,Mastercard,check_card_details
psp_app_not_available,NETWORK_TIMEOUT,upi,169743,18,1,20,0,4,N/A,retry_later
payment_pending,SOFT_RETRYABLE,netbanking,33337,8,7,14,0,1,N/A,retry_later
incorrect_cvv,SOFT_RETRYABLE,netbanking,80866,18,1,21,0,1,N/A,retry_now
payment_amount_tampered,RISK_FLAGGED,card,52669,6,3,18,0,0,Visa,vendor_review
debit_instrument_inactive,HARD_METHOD_DEAD,card,47667,12,0,17,0,0,Visa,contact_bank
payment_declined_due_to_high_traffic,NETWORK_TIMEOUT,card,280371,5,0,18,0,2,Visa,retry_later
request_timed_out,NETWORK_TIMEOUT,card,299900,12,0,10,0,3,Visa,retry_now
vpa_resolution_failed,NETWORK_TIMEOUT,card,765929,8,3,14,0,4,AMEX,retry_later
funds_blocked_by_mandate,HARD_METHOD_DEAD,upi,299900,17,0,14,1,0,N/A,use_different_method
incorrect_card_expiry_date,SOFT_RETRYABLE,card,49990,6,0,21,0,1,Mastercard,check_card_details
payment_failed,SOFT_RETRYABLE,card,389202,10,3,16,0,1,Visa,retry_later
order_already_paid,UNKNOWN,netbanking,64374,13,1,13,0,1,N/A,no_action
service_unavailable,NETWORK_TIMEOUT,card,143864,3,8,2,1,4,Visa,retry_later
incorrect_atm_pin,SOFT_RETRYABLE,card,47840,12,0,18,0,2,Mastercard,retry_now
card_number_invalid,SOFT_RETRYABLE,card,93335,11,3,13,0,4,Mastercard,check_card_details
transaction_frequency_limit_exceeded,SOFT_RETRYABLE,upi,99990,12,2,20,0,4,N/A,use_different_method
invalid_vpa,SOFT_RETRYABLE,upi,99900,5,1,15,0,1,N/A,retry_now
payment_amount_tampered,RISK_FLAGGED,card,19990,12,0,22,0,0,Visa,vendor_review
bank_account_invalid,HARD_METHOD_DEAD,upi,112462,7,1,12,0,0,N/A,use_different_method
incorrect_pin,SOFT_RETRYABLE,netbanking,34596,15,2,18,0,3,N/A,retry_now
card_declined,HARD_METHOD_DEAD,card,99900,6,1,17,0,0,RuPay,use_different_method
invalid_vpa,SOFT_RETRYABLE,upi,499900,17,0,12,0,4,N/A,retry_now
card_expired,HARD_METHOD_DEAD,card,222192,2,0,19,0,0,Visa,use_different_card
invalid_vpa,SOFT_RETRYABLE,upi,307590,13,0,10,0,3,N/A,retry_now
invalid_amount,UNKNOWN,card,326685,6,0,0,0,2,AMEX,contact_support
invalid_vpa,SOFT_RETRYABLE,upi,19990,18,5,21,0,2,N/A,retry_now
transaction_daily_count_exceeded,SOFT_RETRYABLE,card,153323,4,9,11,0,2,Visa,use_different_method
invalid_vpa,SOFT_RETRYABLE,upi,49990,11,3,17,0,2,N/A,retry_now
psp_app_not_available,NETWORK_TIMEOUT,netbanking,206604,20,1,17,0,4,N/A,retry_later
invalid_vpa,SOFT_RETRYABLE,upi,122015,2,8,19,0,2,N/A,retry_now
gateway_error,NETWORK_TIMEOUT,card,409739,9,3,15,0,2,Mastercard,retry_later
incorrect_cardholder_name,SOFT_RETRYABLE,card,199900,15,5,10,0,2,Mastercard,check_card_details
invalid_vpa,SOFT_RETRYABLE,upi,472503,15,4,20,0,2,N/A,retry_now
psp_app_not_supported,HARD_METHOD_DEAD,upi,999000,16,0,16,0,0,N/A,use_different_method
invalid_device,HARD_METHOD_DEAD,upi,999000,6,0,20,0,0,N/A,use_different_method
upi_app_technical_error,NETWORK_TIMEOUT,card,59418,13,1,10,0,3,Visa,retry_later
mandate_creation_expired,SOFT_RETRYABLE,upi,54629,10,1,13,0,2,N/A,retry_now
bank_technical_error,NETWORK_TIMEOUT,upi,499900,0,1,16,0,5,N/A,retry_later
transaction_on_vpa_restricted,HARD_METHOD_DEAD,upi,84943,1,1,13,0,0,N/A,use_different_method
credit_failed,SOFT_RETRYABLE,upi,199900,16,2,10,0,2,N/A,use_different_method
gateway_technical_error,NETWORK_TIMEOUT,netbanking,299900,10,1,14,0,2,N/A,retry_later
card_number_invalid,SOFT_RETRYABLE,card,171671,6,0,12,0,1,AMEX,check_card_details
card_type_invalid,HARD_METHOD_DEAD,card,427297,18,3,13,0,0,Visa,use_different_card
otp_attempts_exceeded,HARD_METHOD_DEAD,card,108345,9,5,14,0,0,Mastercard,use_different_card
bank_not_available,NETWORK_TIMEOUT,card,50603,10,2,20,0,2,Visa,retry_later
credit_failed,SOFT_RETRYABLE,upi,99900,19,1,11,0,1,N/A,use_different_method
live_mode_not_enabled,UNKNOWN,netbanking,499900,2,2,11,0,2,N/A,contact_support
order_amount_mismatch,UNKNOWN,card,99990,4,2,21,0,3,Visa,retry_now
card_number_invalid,SOFT_RETRYABLE,card,99900,11,1,10,0,2,Visa,check_card_details
payment_collect_request_expired,SOFT_RETRYABLE,upi,50292,0,8,21,0,4,N/A,retry_now
card_type_invalid,HARD_METHOD_DEAD,card,57460,17,3,13,0,0,RuPay,use_different_card
card_number_invalid,SOFT_RETRYABLE,netbanking,40762,8,5,17,0,3,N/A,check_card_details
bank_technical_error,NETWORK_TIMEOUT,card,446888,15,6,16,0,4,RuPay,retry_later
transaction_on_vpa_restricted,HARD_METHOD_DEAD,upi,171692,11,1,10,0,0,N/A,use_different_method
bank_not_available,NETWORK_TIMEOUT,card,110679,4,0,22,0,4,RuPay,retry_later
transaction_on_vpa_restricted,HARD_METHOD_DEAD,upi,117400,3,3,9,0,0,N/A,use_different_method
payment_risk_check_failed,RISK_FLAGGED,netbanking,90116,8,6,6,0,2,N/A,vendor_review
payment_timed_out,NETWORK_TIMEOUT,upi,84249,4,3,17,0,3,N/A,retry_now
card_number_invalid,SOFT_RETRYABLE,netbanking,26965,10,0,14,0,1,N/A,check_card_details
debit_instrument_inactive,HARD_METHOD_DEAD,card,42447,4,3,10,0,1,AMEX,contact_bank
transaction_daily_count_exceeded,SOFT_RETRYABLE,card,133485,2,2,13,0,2,Mastercard,use_different_method
psp_app_not_supported,HARD_METHOD_DEAD,upi,59830,3,1,18,1,0,N/A,use_different_method
psp_not_available,NETWORK_TIMEOUT,card,79423,10,0,12,0,5,Visa,retry_later
card_number_invalid,SOFT_RETRYABLE,card,134472,12,1,21,0,3,Visa,check_card_details
payment_amount_tampered,RISK_FLAGGED,upi,99900,5,0,11,0,2,N/A,vendor_review
transaction_frequency_limit_exceeded,SOFT_RETRYABLE,upi,499900,5,0,5,0,3,N/A,use_different_method
bank_not_available,NETWORK_TIMEOUT,upi,168846,15,0,7,0,4,N/A,retry_later
invalid_vpa,SOFT_RETRYABLE,upi,23802,16,0,21,0,2,N/A,retry_now
upi_app_technical_error,NETWORK_TIMEOUT,card,142488,19,10,18,0,4,RuPay,retry_later
invalid_vpa,SOFT_RETRYABLE,upi,112031,10,0,12,0,3,N/A,retry_now
card_not_enrolled,HARD_METHOD_DEAD,card,66570,10,6,19,0,0,RuPay,enable_online_transactions
verification_failed,NETWORK_TIMEOUT,card,155353,3,1,12,0,3,Visa,retry_later
incorrect_cardholder_name,SOFT_RETRYABLE,card,164823,12,2,17,0,4,Mastercard,check_card_details
insufficient_funds,SOFT_RETRYABLE,card,354818,12,2,16,0,2,Visa,retry_later
bank_account_invalid,HARD_METHOD_DEAD,upi,75887,0,3,22,0,0,N/A,use_different_method
payment_amount_tampered,RISK_FLAGGED,card,144640,19,5,12,0,2,Visa,vendor_review
card_expired,HARD_METHOD_DEAD,card,499900,9,1,20,0,0,Mastercard,use_different_card
record_not_found,NETWORK_TIMEOUT,netbanking,188388,9,1,10,0,4,N/A,retry_later
payment_session_expired,SOFT_RETRYABLE,card,157020,16,5,11,0,2,Mastercard,retry_now
incorrect_atm_pin,SOFT_RETRYABLE,card,163477,11,5,13,0,3,Visa,retry_now
payment_cancelled,SOFT_RETRYABLE,card,886342,12,3,1,0,2,Mastercard,retry_now
psp_app_not_available,NETWORK_TIMEOUT,upi,99900,10,1,20,0,3,N/A,retry_later
merchant_not_activated,UNKNOWN,card,19990,5,1,19,0,0,Mastercard,contact_support
invalid_device,HARD_METHOD_DEAD,upi,404567,19,5,21,0,0,N/A,use_different_method
incorrect_otp,SOFT_RETRYABLE,card,19990,5,1,15,0,1,Visa,retry_now
transaction_daily_limit_exceeded,SOFT_RETRYABLE,netbanking,99900,16,1,13,0,1,N/A,use_different_method
authentication_failed,SOFT_RETRYABLE,card,279162,16,5,11,0,4,Mastercard,retry_now
gateway_technical_error,NETWORK_TIMEOUT,upi,819536,15,7,1,0,2,N/A,retry_later
insufficient_funds,SOFT_RETRYABLE,card,165226,15,0,15,0,1,Visa,retry_later
compliance_violation,UNKNOWN,upi,54637,3,0,21,0,0,N/A,contact_support
transaction_frequency_limit_exceeded,SOFT_RETRYABLE,upi,999000,10,1,18,0,2,N/A,use_different_method
payment_failed,SOFT_RETRYABLE,card,99990,10,4,16,0,2,Mastercard,retry_later
payment_amount_tampered,RISK_FLAGGED,card,359453,10,1,14,0,1,Visa,vendor_review
psp_not_available,NETWORK_TIMEOUT,upi,184934,10,0,10,0,3,N/A,retry_later
payment_amount_tampered,RISK_FLAGGED,upi,144558,11,0,22,0,0,N/A,vendor_review
payment_failed,SOFT_RETRYABLE,card,99990,7,2,22,0,1,Visa,retry_later
card_disabled_for_online_payments,HARD_METHOD_DEAD,card,496436,10,7,19,0,0,Mastercard,enable_online_transactions
invalid_device,HARD_METHOD_DEAD,upi,132358,1,2,22,0,0,N/A,use_different_method
card_expired,HARD_METHOD_DEAD,card,19990,5,1,19,0,1,RuPay,use_different_card
psp_not_available,NETWORK_TIMEOUT,upi,195808,19,4,12,0,3,N/A,retry_later
bank_not_available,NETWORK_TIMEOUT,upi,499900,19,1,19,0,2,N/A,retry_later
invalid_vpa,SOFT_RETRYABLE,upi,49648,8,0,22,0,1,N/A,retry_now
payment_amount_tampered,RISK_FLAGGED,card,99900,5,2,15,0,0,RuPay,vendor_review
mandate_creation_timeout,NETWORK_TIMEOUT,upi,187354,10,5,22,0,4,N/A,retry_later
payment_risk_check_failed,RISK_FLAGGED,card,246316,15,3,22,0,0,Mastercard,vendor_review
upi_app_technical_error,NETWORK_TIMEOUT,card,893409,11,6,18,0,1,RuPay,retry_later
mandate_creation_expired,SOFT_RETRYABLE,upi,179442,9,2,10,0,1,N/A,retry_now
bank_technical_error,NETWORK_TIMEOUT,card,499900,8,0,4,0,3,Visa,retry_later
vpa_resolution_failed,NETWORK_TIMEOUT,card,199900,8,1,16,0,4,Visa,retry_later
payment_collect_request_expired,SOFT_RETRYABLE,upi,150370,18,0,18,0,2,N/A,retry_now
card_number_invalid,SOFT_RETRYABLE,netbanking,113206,7,2,9,0,2,N/A,check_card_details
payment_timed_out,NETWORK_TIMEOUT,upi,42033,12,1,14,1,4,N/A,retry_now
payment_declined_due_to_high_traffic,NETWORK_TIMEOUT,upi,73101,7,0,15,0,2,N/A,retry_later
deemed_transaction,SOFT_RETRYABLE,card,151714,14,5,14,0,1,Mastercard,retry_later
credit_limit_inactive,HARD_METHOD_DEAD,netbanking,192667,5,0,10,0,1,N/A,use_different_method
payment_risk_check_failed,RISK_FLAGGED,card,499900,5,6,22,0,0,RuPay,vendor_review
funds_blocked_by_mandate,HARD_METHOD_DEAD,upi,149233,14,1,22,0,1,N/A,use_different_method
incorrect_cvv,SOFT_RETRYABLE,card,49990,14,3,19,0,3,Visa,retry_now
order_already_paid,UNKNOWN,netbanking,89333,2,0,12,0,0,N/A,no_action
incorrect_card_details,SOFT_RETRYABLE,card,199900,5,7,16,0,1,RuPay,check_card_details
transaction_frequency_limit_exceeded,SOFT_RETRYABLE,upi,299900,0,1,20,0,4,N/A,use_different_method
merchant_not_activated,UNKNOWN,card,167698,11,5,14,0,1,Visa,contact_support
incorrect_cvv,SOFT_RETRYABLE,card,999000,19,6,15,0,2,Visa,retry_now
request_timed_out,NETWORK_TIMEOUT,upi,299900,7,1,15,0,2,N/A,retry_now
gateway_technical_error,NETWORK_TIMEOUT,card,111112,19,6,21,0,2,RuPay,retry_later
bank_cutoff_in_progress,NETWORK_TIMEOUT,card,83203,2,5,19,0,2,Mastercard,retry_later
otp_attempts_exceeded,HARD_METHOD_DEAD,card,181193,8,1,0,0,0,Visa,use_different_card
invalid_vpa,SOFT_RETRYABLE,upi,175033,5,2,17,0,2,N/A,retry_now
debit_instrument_inactive,HARD_METHOD_DEAD,card,185321,11,1,4,0,0,Visa,contact_bank
incorrect_atm_pin,SOFT_RETRYABLE,card,83228,17,1,13,0,1,Visa,retry_now
payment_pending,SOFT_RETRYABLE,card,175714,12,1,15,0,2,RuPay,retry_later
incorrect_cvv,SOFT_RETRYABLE,card,161050,13,0,15,0,2,Mastercard,retry_now
card_expired,HARD_METHOD_DEAD,card,199900,1,1,22,0,1,Visa,use_different_card
card_number_invalid,SOFT_RETRYABLE,card,172581,7,0,14,0,1,Mastercard,check_card_details
invalid_vpa,SOFT_RETRYABLE,upi,299900,7,4,18,0,4,N/A,retry_now
payment_risk_check_failed,RISK_FLAGGED,card,999000,10,1,20,0,0,Mastercard,vendor_review
payment_collect_request_expired,SOFT_RETRYABLE,upi,49990,17,5,15,0,1,N/A,retry_now
card_type_invalid,HARD_METHOD_DEAD,card,76636,4,2,21,0,0,RuPay,use_different_card
verification_failed,NETWORK_TIMEOUT,card,185063,1,0,13,0,3,RuPay,retry_later
record_not_found,NETWORK_TIMEOUT,netbanking,199900,8,2,10,0,4,N/A,retry_later
psp_app_not_available,NETWORK_TIMEOUT,card,33436,10,0,11,0,3,Mastercard,retry_later
incorrect_cardholder_name,SOFT_RETRYABLE,card,99900,12,1,14,0,3,Mastercard,check_card_details
payment_collect_request_expired,SOFT_RETRYABLE,upi,887780,12,0,9,0,3,N/A,retry_now
vpa_resolution_failed,NETWORK_TIMEOUT,upi,199667,19,5,21,0,3,N/A,retry_later
funds_blocked_by_mandate,HARD_METHOD_DEAD,upi,19990,5,7,17,0,0,N/A,use_different_method
vpa_resolution_failed,NETWORK_TIMEOUT,card,146387,8,1,16,0,4,Visa,retry_later
upi_app_technical_error,NETWORK_TIMEOUT,upi,99990,12,4,18,0,5,N/A,retry_later
payment_collect_request_expired,SOFT_RETRYABLE,upi,159084,13,1,20,0,1,N/A,retry_now
bank_technical_error,NETWORK_TIMEOUT,card,307847,6,3,10,0,1,Visa,retry_later
payment_risk_check_failed,RISK_FLAGGED,card,150887,19,5,13,0,2,Mastercard,vendor_review
credit_failed,SOFT_RETRYABLE,upi,189663,11,0,14,0,2,N/A,use_different_method
psp_app_not_available,NETWORK_TIMEOUT,netbanking,196539,3,2,11,0,4,N/A,retry_later
payment_declined_due_to_high_traffic,NETWORK_TIMEOUT,upi,999000,10,6,19,0,4,N/A,retry_later
payment_amount_tampered,RISK_FLAGGED,card,38376,17,1,3,0,0,Visa,vendor_review
pin_attempts_exceeded,HARD_METHOD_DEAD,card,99900,5,0,21,0,0,Visa,use_different_card
card_number_invalid,SOFT_RETRYABLE,card,52775,14,1,11,0,1,AMEX,check_card_details
payment_collect_request_expired,SOFT_RETRYABLE,upi,199900,6,0,12,0,3,N/A,retry_now
incorrect_card_expiry_date,SOFT_RETRYABLE,card,169670,6,3,16,0,3,RuPay,check_card_details
authentication_failed,SOFT_RETRYABLE,card,999000,15,7,13,0,1,Visa,retry_now
invalid_vpa,SOFT_RETRYABLE,upi,96946,5,0,11,0,2,N/A,retry_now
verification_failed,NETWORK_TIMEOUT,netbanking,19990,3,1,20,0,3,N/A,retry_later
mandate_creation_expired,SOFT_RETRYABLE,upi,19990,10,4,11,0,3,N/A,retry_now
gateway_technical_error,NETWORK_TIMEOUT,card,191168,9,6,4,0,4,RuPay,retry_later
payment_session_expired,SOFT_RETRYABLE,netbanking,299900,10,2,19,0,1,N/A,retry_now
card_disabled_for_online_payments,HARD_METHOD_DEAD,card,181134,1,0,13,0,0,Visa,enable_online_transactions
payment_amount_tampered,RISK_FLAGGED,upi,99900,6,8,14,0,0,N/A,vendor_review
authentication_failed,SOFT_RETRYABLE,card,330101,15,3,16,0,1,Mastercard,retry_now
incorrect_card_expiry_date,SOFT_RETRYABLE,card,36667,5,0,22,0,1,Visa,check_card_details
card_disabled_for_online_payments,HARD_METHOD_DEAD,card,19990,3,2,6,0,1,Visa,enable_online_transactions
invalid_amount,UNKNOWN,card,179775,10,4,15,1,0,RuPay,contact_support
emi_plan_unavailable,HARD_METHOD_DEAD,netbanking,43623,4,1,18,0,0,N/A,use_different_method
bank_not_available,NETWORK_TIMEOUT,card,58954,11,6,23,0,3,Mastercard,retry_later
upi_app_technical_error,NETWORK_TIMEOUT,card,499900,6,1,22,0,3,Mastercard,retry_later
mandate_creation_declined,HARD_METHOD_DEAD,upi,326963,6,6,21,0,0,N/A,use_different_method
incorrect_atm_pin,SOFT_RETRYABLE,card,96748,16,0,20,0,2,RuPay,retry_now
invalid_amount,UNKNOWN,card,999000,3,1,21,0,1,RuPay,contact_support
payment_method_not_enabled,HARD_METHOD_DEAD,netbanking,55040,13,0,21,0,0,N/A,use_different_method
card_declined,HARD_METHOD_DEAD,card,418446,9,3,15,0,0,Mastercard,use_different_method
bank_not_available,NETWORK_TIMEOUT,card,499900,16,0,13,0,5,Visa,retry_later
bank_technical_error,NETWORK_TIMEOUT,card,99990,1,0,22,0,1,RuPay,retry_later
invalid_vpa,SOFT_RETRYABLE,upi,10851,10,2,8,0,2,N/A,retry_now
request_timed_out,NETWORK_TIMEOUT,card,993251,9,1,15,0,4,Visa,retry_now
payment_risk_check_failed,RISK_FLAGGED,card,42476,4,2,17,0,1,Visa,vendor_review
request_timed_out,NETWORK_TIMEOUT,netbanking,15897,19,3,13,0,3,N/A,retry_now
payment_session_expired,SOFT_RETRYABLE,card,974487,4,1,21,0,2,Mastercard,retry_now
payment_risk_check_failed,RISK_FLAGGED,upi,81825,20,1,3,0,1,N/A,vendor_review
mandate_creation_expired,SOFT_RETRYABLE,upi,13730,5,7,8,0,1,N/A,retry_now
payment_risk_check_failed,RISK_FLAGGED,card,190574,4,0,19,0,0,RuPay,vendor_review
collect_on_mcc_blocked,HARD_METHOD_DEAD,upi,622252,2,0,11,0,0,N/A,use_different_method
compliance_violation,UNKNOWN,upi,200781,3,2,16,0,0,N/A,contact_support
collect_on_mcc_blocked,HARD_METHOD_DEAD,upi,113871,5,2,12,0,0,N/A,use_different_method
debit_instrument_inactive,HARD_METHOD_DEAD,card,14401,8,1,3,0,1,Mastercard,contact_bank
service_unavailable,NETWORK_TIMEOUT,card,143566,5,3,7,0,1,RuPay,retry_later
transaction_daily_count_exceeded,SOFT_RETRYABLE,card,30765,20,2,20,0,2,Visa,use_different_method
credit_failed,SOFT_RETRYABLE,upi,999000,3,1,1,0,3,N/A,use_different_method
payment_session_expired,SOFT_RETRYABLE,card,19990,15,0,15,0,2,Mastercard,retry_now
invalid_order_id,UNKNOWN,card,99900,1,8,10,0,1,Visa,retry_now
verification_failed,NETWORK_TIMEOUT,card,999000,11,3,20,0,4,AMEX,retry_later
pin_attempts_exceeded,HARD_METHOD_DEAD,card,344193,9,1,11,0,0,Mastercard,use_different_card
psp_app_not_available,NETWORK_TIMEOUT,card,87609,5,1,16,0,2,Visa,retry_later
emi_plan_unavailable,HARD_METHOD_DEAD,netbanking,12488,4,4,16,0,0,N/A,use_different_method
psp_not_registered,HARD_METHOD_DEAD,upi,199900,2,2,18,0,0,N/A,use_different_method
bank_technical_error,NETWORK_TIMEOUT,upi,104489,3,0,18,0,5,N/A,retry_later
payment_failed,SOFT_RETRYABLE,card,299900,5,1,15,0,2,Mastercard,retry_later
card_expired,HARD_METHOD_DEAD,card,19990,19,2,15,0,1,Mastercard,use_different_card
payment_declined_due_to_high_traffic,NETWORK_TIMEOUT,card,49990,14,7,13,0,4,AMEX,retry_later
debit_instrument_blocked,HARD_METHOD_DEAD,card,166934,8,1,22,0,0,Mastercard,contact_bank
incorrect_pin,SOFT_RETRYABLE,card,143070,13,1,14,0,3,Visa,retry_now
incorrect_cardholder_name,SOFT_RETRYABLE,netbanking,199900,6,3,22,0,2,N/A,check_card_details
payment_risk_check_failed,RISK_FLAGGED,upi,60960,2,4,22,0,1,N/A,vendor_review
vpa_resolution_failed,NETWORK_TIMEOUT,card,186089,4,1,10,0,4,Visa,retry_later
mandate_creation_declined,HARD_METHOD_DEAD,upi,99990,13,1,16,0,1,N/A,use_different_method
invalid_vpa,SOFT_RETRYABLE,upi,363865,16,2,13,0,1,N/A,retry_now
funds_blocked_by_mandate,HARD_METHOD_DEAD,upi,999000,9,7,17,0,1,N/A,use_different_method
card_network_not_enabled,HARD_METHOD_DEAD,card,10855,10,3,13,0,0,RuPay,use_different_card
live_mode_not_enabled,UNKNOWN,netbanking,121990,9,5,13,0,0,N/A,contact_support
payment_session_expired,SOFT_RETRYABLE,card,24741,9,3,3,0,2,Visa,retry_now
transaction_frequency_limit_exceeded,SOFT_RETRYABLE,upi,94175,12,6,19,0,1,N/A,use_different_method
gateway_technical_error,NETWORK_TIMEOUT,card,34300,9,0,13,0,3,Visa,retry_later
incorrect_atm_pin,SOFT_RETRYABLE,card,299900,10,1,12,0,1,AMEX,retry_now
card_not_enrolled,HARD_METHOD_DEAD,card,56985,16,3,14,1,0,RuPay,enable_online_transactions
payment_risk_check_failed,RISK_FLAGGED,card,562182,5,2,22,0,1,RuPay,vendor_review
transaction_frequency_limit_exceeded,SOFT_RETRYABLE,upi,12672,5,1,20,0,2,N/A,use_different_method
compliance_violation,UNKNOWN,upi,199900,11,0,18,0,0,N/A,contact_support
transaction_frequency_limit_exceeded,SOFT_RETRYABLE,upi,23408,14,1,19,0,1,N/A,use_different_method
bank_not_available,NETWORK_TIMEOUT,card,304571,3,0,14,0,5,Visa,retry_later
bank_cutoff_in_progress,NETWORK_TIMEOUT,card,135191,9,7,13,0,1,Visa,retry_later
payment_collect_request_expired,SOFT_RETRYABLE,upi,199900,10,0,15,0,1,N/A,retry_now
request_timed_out,NETWORK_TIMEOUT,netbanking,87089,11,1,13,0,1,N/A,retry_now
upi_app_technical_error,NETWORK_TIMEOUT,upi,185668,16,0,11,0,3,N/A,retry_later
credit_limit_exceeded,HARD_METHOD_DEAD,netbanking,499900,2,2,22,0,1,N/A,use_different_method
payment_risk_check_failed,RISK_FLAGGED,card,75943,13,0,12,0,2,Visa,vendor_review
invalid_order_id,UNKNOWN,card,167204,19,0,12,0,0,Mastercard,retry_now
incorrect_card_expiry_date,SOFT_RETRYABLE,card,299900,11,3,13,0,1,Visa,check_card_details
credit_failed,SOFT_RETRYABLE,upi,49990,18,0,20,0,4,N/A,use_different_method
mandate_creation_expired,SOFT_RETRYABLE,upi,996101,14,2,16,0,1,N/A,retry_now
record_not_found,NETWORK_TIMEOUT,card,33065,7,0,22,0,3,RuPay,retry_later
credit_limit_expired,HARD_METHOD_DEAD,netbanking,488719,2,1,13,0,1,N/A,use_different_method
payment_cancelled,SOFT_RETRYABLE,card,22180,11,1,5,0,2,RuPay,retry_now
payment_declined_due_to_high_traffic,NETWORK_TIMEOUT,card,298387,3,0,20,0,2,Mastercard,retry_later
mcc_amount_limit_exceeded,HARD_METHOD_DEAD,upi,24322,14,4,10,0,1,N/A,use_different_method
compliance_violation,UNKNOWN,upi,99990,15,0,22,0,1,N/A,contact_support
authentication_failed,SOFT_RETRYABLE,card,199900,0,0,11,0,3,Visa,retry_now
payment_amount_tampered,RISK_FLAGGED,card,999000,10,3,15,0,0,Visa,vendor_review
input_validation_failed,UNKNOWN,card,21015,17,2,18,0,0,Mastercard,check_card_details
payment_amount_tampered,RISK_FLAGGED,upi,96634,4,0,2,0,2,N/A,vendor_review
card_not_enrolled,HARD_METHOD_DEAD,card,72609,13,0,21,0,0,AMEX,enable_online_transactions
transaction_limit_exceeded,SOFT_RETRYABLE,card,154157,13,2,20,0,2,Mastercard,use_different_method
server_error,NETWORK_TIMEOUT,card,65191,11,4,7,0,2,Visa,retry_later
input_validation_failed,UNKNOWN,card,199900,0,1,4,0,0,RuPay,check_card_details
order_already_paid,UNKNOWN,netbanking,499900,1,3,21,1,3,N/A,no_action
psp_not_registered,HARD_METHOD_DEAD,upi,120633,0,1,11,1,1,N/A,use_different_method
card_not_enrolled,HARD_METHOD_DEAD,card,139158,5,3,20,0,0,Visa,enable_online_transactions
payment_risk_check_failed,RISK_FLAGGED,card,99016,19,1,14,0,1,RuPay,vendor_review
bank_technical_error,NETWORK_TIMEOUT,card,116302,15,1,16,0,4,Mastercard,retry_later
funds_blocked_by_mandate,HARD_METHOD_DEAD,upi,152998,14,0,20,0,0,N/A,use_different_method
credit_failed,SOFT_RETRYABLE,upi,199900,2,2,9,0,1,N/A,use_different_method
authentication_failed,SOFT_RETRYABLE,card,105888,1,0,15,0,4,Mastercard,retry_now
transaction_daily_limit_exceeded,SOFT_RETRYABLE,card,550956,9,6,18,0,1,Mastercard,use_different_method
invalid_vpa,SOFT_RETRYABLE,upi,299900,3,2,7,0,3,N/A,retry_now
card_type_invalid,HARD_METHOD_DEAD,card,185280,6,4,12,0,0,RuPay,use_different_card
verification_failed,NETWORK_TIMEOUT,netbanking,89444,3,0,17,0,1,N/A,retry_later
incorrect_otp,SOFT_RETRYABLE,netbanking,122146,18,0,15,0,1,N/A,retry_now
gateway_error,NETWORK_TIMEOUT,netbanking,273535,19,8,15,0,3,N/A,retry_later
payment_amount_tampered,RISK_FLAGGED,card,110844,9,2,20,1,2,Visa,vendor_review
collect_on_mcc_blocked,HARD_METHOD_DEAD,upi,47997,4,2,7,0,0,N/A,use_different_method
psp_not_available,NETWORK_TIMEOUT,upi,199900,18,6,6,0,1,N/A,retry_later
psp_app_not_available,NETWORK_TIMEOUT,card,81344,5,1,15,0,5,RuPay,retry_later
transaction_frequency_limit_exceeded,SOFT_RETRYABLE,upi,19990,17,7,14,0,1,N/A,use_different_method
payment_pending,SOFT_RETRYABLE,card,335926,6,0,13,0,3,Visa,retry_later
payment_session_expired,SOFT_RETRYABLE,card,191217,10,6,10,0,3,Visa,retry_now
invalid_device,HARD_METHOD_DEAD,upi,51386,0,6,15,0,0,N/A,use_different_method
vpa_resolution_failed,NETWORK_TIMEOUT,upi,949355,4,1,3,1,4,N/A,retry_later
mcc_amount_limit_exceeded,HARD_METHOD_DEAD,upi,34955,19,2,15,1,1,N/A,use_different_method
payment_amount_tampered,RISK_FLAGGED,upi,65716,6,4,12,0,0,N/A,vendor_review
insufficient_funds,SOFT_RETRYABLE,card,429273,13,3,3,0,3,Visa,retry_later
bank_cutoff_in_progress,NETWORK_TIMEOUT,upi,91666,18,0,19,0,4,N/A,retry_later
mandate_creation_expired,SOFT_RETRYABLE,upi,299900,18,1,14,0,3,N/A,retry_now
debit_instrument_blocked,HARD_METHOD_DEAD,card,340205,16,0,13,0,0,RuPay,contact_bank
transaction_daily_limit_exceeded,SOFT_RETRYABLE,card,366347,9,8,7,0,2,Mastercard,use_different_method
payment_cancelled,SOFT_RETRYABLE,card,32669,10,1,13,0,3,Mastercard,retry_now
gateway_error,NETWORK_TIMEOUT,upi,99990,6,0,20,0,2,N/A,retry_later
verification_failed,NETWORK_TIMEOUT,netbanking,69368,13,4,20,0,2,N/A,retry_later
transaction_frequency_limit_exceeded,SOFT_RETRYABLE,upi,344061,3,0,19,0,1,N/A,use_different_method
card_number_invalid,SOFT_RETRYABLE,card,299900,16,6,11,0,1,Visa,check_card_details
merchant_not_activated,UNKNOWN,card,182941,17,4,10,0,1,Mastercard,contact_support
payment_amount_tampered,RISK_FLAGGED,card,171529,0,2,11,0,0,Visa,vendor_review
record_not_found,NETWORK_TIMEOUT,card,99990,4,0,12,0,3,AMEX,retry_later
credit_failed,SOFT_RETRYABLE,upi,157056,12,1,12,0,3,N/A,use_different_method
input_validation_failed,UNKNOWN,card,73841,5,1,14,0,1,Mastercard,check_card_details
record_not_found,NETWORK_TIMEOUT,upi,435517,5,0,19,0,4,N/A,retry_later
compliance_violation,UNKNOWN,upi,99990,5,0,13,0,0,N/A,contact_support
incorrect_cvv,SOFT_RETRYABLE,card,99990,17,2,19,0,1,Mastercard,retry_now
payment_method_not_enabled,HARD_METHOD_DEAD,netbanking,189309,11,1,13,1,0,N/A,use_different_method
payment_pending,SOFT_RETRYABLE,card,60081,7,0,22,0,4,RuPay,retry_later
transaction_frequency_limit_exceeded,SOFT_RETRYABLE,upi,79042,1,2,11,0,2,N/A,use_different_method
incorrect_otp,SOFT_RETRYABLE,card,180159,1,1,15,0,4,Visa,retry_now
invalid_vpa,SOFT_RETRYABLE,upi,28084,4,1,16,0,1,N/A,retry_now
collect_on_mcc_blocked,HARD_METHOD_DEAD,upi,954990,0,5,10,0,0,N/A,use_different_method
gateway_error,NETWORK_TIMEOUT,upi,176375,10,0,18,0,5,N/A,retry_later
mandate_creation_timeout,NETWORK_TIMEOUT,card,74138,19,1,13,0,4,RuPay,retry_later
payment_collect_request_expired,SOFT_RETRYABLE,upi,126887,14,0,13,1,1,N/A,retry_now
incorrect_card_expiry_date,SOFT_RETRYABLE,card,469346,17,4,17,0,3,Visa,check_card_details
transaction_daily_count_exceeded,SOFT_RETRYABLE,netbanking,769104,6,1,16,0,2,N/A,use_different_method
gateway_technical_error,NETWORK_TIMEOUT,card,299900,5,0,17,0,2,Mastercard,retry_later
transaction_daily_count_exceeded,SOFT_RETRYABLE,card,106868,11,1,16,0,2,Visa,use_different_method
mandate_creation_timeout,NETWORK_TIMEOUT,upi,114212,14,2,7,0,4,N/A,retry_later
credit_failed,SOFT_RETRYABLE,upi,62926,10,0,21,0,1,N/A,use_different_method
insufficient_funds,SOFT_RETRYABLE,card,299900,15,5,12,0,1,Visa,retry_later
payment_risk_check_failed,RISK_FLAGGED,card,49990,16,0,0,0,2,Mastercard,vendor_review
gateway_technical_error,NETWORK_TIMEOUT,card,49990,16,2,12,0,1,RuPay,retry_later
transaction_daily_limit_exceeded,SOFT_RETRYABLE,card,299900,7,1,9,0,3,RuPay,use_different_method
payment_amount_tampered,RISK_FLAGGED,netbanking,102617,1,1,12,0,0,N/A,vendor_review
card_disabled_for_online_payments,HARD_METHOD_DEAD,card,999000,9,8,21,0,1,AMEX,enable_online_transactions
payment_amount_tampered,RISK_FLAGGED,card,46108,3,0,15,0,0,RuPay,vendor_review
record_not_found,NETWORK_TIMEOUT,upi,75295,18,0,18,0,4,N/A,retry_later
insufficient_funds,SOFT_RETRYABLE,card,49990,16,0,10,0,2,Visa,retry_later
insufficient_funds,SOFT_RETRYABLE,card,493895,5,0,21,0,2,Visa,retry_later
transaction_daily_limit_exceeded,SOFT_RETRYABLE,card,60525,10,8,14,0,2,Visa,use_different_method
payment_timed_out,NETWORK_TIMEOUT,netbanking,499900,10,0,14,0,4,N/A,retry_now
payment_cancelled,SOFT_RETRYABLE,netbanking,50959,11,3,15,0,2,N/A,retry_now
transaction_frequency_limit_exceeded,SOFT_RETRYABLE,upi,49990,15,2,19,0,2,N/A,use_different_method
otp_attempts_exceeded,HARD_METHOD_DEAD,card,167797,5,0,20,0,0,RuPay,use_different_card
upi_app_technical_error,NETWORK_TIMEOUT,upi,76854,15,0,12,0,5,N/A,retry_later
payment_risk_check_failed,RISK_FLAGGED,upi,10745,13,2,11,1,1,N/A,vendor_review
payment_session_expired,SOFT_RETRYABLE,card,61111,2,0,12,0,3,Mastercard,retry_now
mcc_amount_limit_exceeded,HARD_METHOD_DEAD,upi,99900,2,4,12,0,0,N/A,use_different_method
gateway_technical_error,NETWORK_TIMEOUT,card,849967,7,1,14,0,3,Visa,retry_later
vpa_resolution_failed,NETWORK_TIMEOUT,upi,299900,2,6,14,0,3,N/A,retry_later
mandate_creation_expired,SOFT_RETRYABLE,upi,78720,10,0,15,0,2,N/A,retry_now
payment_amount_tampered,RISK_FLAGGED,card,73305,4,1,19,0,1,Mastercard,vendor_review
mandate_creation_expired,SOFT_RETRYABLE,upi,823635,16,0,21,0,1,N/A,retry_now
invalid_amount,UNKNOWN,card,884019,13,0,23,0,2,Mastercard,contact_support
invalid_vpa,SOFT_RETRYABLE,upi,67772,15,2,5,0,2,N/A,retry_now
compliance_violation,UNKNOWN,upi,98878,3,0,18,0,0,N/A,contact_support
bank_not_available,NETWORK_TIMEOUT,upi,99900,9,1,11,0,4,N/A,retry_later
pin_not_set,HARD_METHOD_DEAD,upi,448273,6,1,4,0,0,N/A,use_different_method
payment_risk_check_failed,RISK_FLAGGED,upi,19990,0,2,14,0,0,N/A,vendor_review
insufficient_funds,SOFT_RETRYABLE,netbanking,77763,18,1,10,0,3,N/A,retry_later
live_mode_not_enabled,UNKNOWN,netbanking,44094,2,6,13,0,2,N/A,contact_support
credit_limit_exceeded,HARD_METHOD_DEAD,netbanking,173806,17,3,1,0,0,N/A,use_different_method
emi_plan_unavailable,HARD_METHOD_DEAD,netbanking,99900,1,1,15,0,0,N/A,use_different_method
order_amount_mismatch,UNKNOWN,card,35612,7,5,21,1,1,Visa,retry_now
payment_cancelled,SOFT_RETRYABLE,card,199900,17,9,13,0,4,Visa,retry_now
payment_cancelled,SOFT_RETRYABLE,card,170184,12,9,21,0,1,Visa,retry_now
request_timed_out,NETWORK_TIMEOUT,card,41913,20,0,20,0,1,Visa,retry_now
record_not_found,NETWORK_TIMEOUT,card,432444,14,7,9,0,2,RuPay,retry_later
invalid_vpa,SOFT_RETRYABLE,upi,91409,11,0,16,0,3,N/A,retry_now
payment_collect_request_expired,SOFT_RETRYABLE,upi,299900,13,1,17,0,1,N/A,retry_now
authentication_failed,SOFT_RETRYABLE,netbanking,74827,0,1,13,0,1,N/A,retry_now
deemed_transaction,SOFT_RETRYABLE,card,376176,18,6,18,0,1,RuPay,retry_later
upi_app_technical_error,NETWORK_TIMEOUT,netbanking,350591,17,7,19,0,4,N/A,retry_later
invalid_amount,UNKNOWN,card,49990,1,0,15,0,0,Visa,contact_support
incorrect_cvv,SOFT_RETRYABLE,card,51972,16,5,10,0,2,AMEX,retry_now
bank_not_available,NETWORK_TIMEOUT,upi,110327,7,2,11,0,2,N/A,retry_later
incorrect_cardholder_name,SOFT_RETRYABLE,card,99900,7,3,18,0,2,Visa,check_card_details
debit_instrument_inactive,HARD_METHOD_DEAD,card,99990,7,0,11,0,0,Mastercard,contact_bank
transaction_daily_limit_exceeded,SOFT_RETRYABLE,card,237331,13,5,15,0,2,AMEX,use_different_method
payment_amount_tampered,RISK_FLAGGED,card,499900,17,0,22,0,1,RuPay,vendor_review
pin_not_set,HARD_METHOD_DEAD,upi,96022,10,1,2,0,1,N/A,use_different_method
bank_cutoff_in_progress,NETWORK_TIMEOUT,netbanking,99900,13,3,15,0,4,N/A,retry_later
transaction_daily_limit_exceeded,SOFT_RETRYABLE,card,25027,14,1,13,0,2,Mastercard,use_different_method
payment_risk_check_failed,RISK_FLAGGED,upi,116321,18,0,21,0,0,N/A,vendor_review
incorrect_otp,SOFT_RETRYABLE,card,119351,12,2,5,0,1,Visa,retry_now
transaction_frequency_limit_exceeded,SOFT_RETRYABLE,upi,99900,16,0,11,0,3,N/A,use_different_method
payment_amount_tampered,RISK_FLAGGED,card,99990,17,6,19,0,1,Visa,vendor_review
payment_amount_tampered,RISK_FLAGGED,netbanking,199209,6,0,22,0,2,N/A,vendor_review
transaction_daily_limit_exceeded,SOFT_RETRYABLE,card,141901,10,2,22,0,1,Visa,use_different_method
mandate_creation_timeout,NETWORK_TIMEOUT,netbanking,369141,9,4,1,0,4,N/A,retry_later
mandate_creation_expired,SOFT_RETRYABLE,upi,382010,8,0,17,0,1,N/A,retry_now
invalid_vpa,SOFT_RETRYABLE,upi,273827,3,2,12,1,4,N/A,retry_now
vpa_resolution_failed,NETWORK_TIMEOUT,upi,148337,6,7,21,0,2,N/A,retry_later
payment_risk_check_failed,RISK_FLAGGED,upi,499900,20,3,15,0,1,N/A,vendor_review
transaction_limit_exceeded,SOFT_RETRYABLE,card,77119,14,0,10,0,4,RuPay,use_different_method
invalid_vpa,SOFT_RETRYABLE,upi,328830,5,1,21,0,2,N/A,retry_now
incorrect_atm_pin,SOFT_RETRYABLE,card,77573,17,3,11,0,2,RuPay,retry_now
mandate_creation_expired,SOFT_RETRYABLE,upi,93486,9,2,9,0,3,N/A,retry_now
record_not_found,NETWORK_TIMEOUT,upi,19990,4,5,9,0,3,N/A,retry_later
request_timed_out,NETWORK_TIMEOUT,card,152079,14,4,22,0,4,Mastercard,retry_now
incorrect_card_expiry_date,SOFT_RETRYABLE,card,231779,12,1,16,0,2,Visa,check_card_details
payment_risk_check_failed,RISK_FLAGGED,card,414760,2,5,22,0,2,Mastercard,vendor_review
invalid_vpa,SOFT_RETRYABLE,upi,999000,3,3,17,0,1,N/A,retry_now
verification_failed,NETWORK_TIMEOUT,netbanking,499900,18,1,21,0,1,N/A,retry_later
collect_on_mcc_blocked,HARD_METHOD_DEAD,upi,30471,3,0,21,0,0,N/A,use_different_method
invalid_device,HARD_METHOD_DEAD,upi,244421,0,2,21,0,0,N/A,use_different_method
verification_failed,NETWORK_TIMEOUT,card,50819,15,1,14,0,2,Visa,retry_later
debit_instrument_inactive,HARD_METHOD_DEAD,card,999000,7,1,17,0,0,AMEX,contact_bank
emi_plan_unavailable,HARD_METHOD_DEAD,netbanking,175644,20,1,15,0,0,N/A,use_different_method
invalid_vpa,SOFT_RETRYABLE,upi,299900,13,0,17,0,3,N/A,retry_now
payment_cancelled,SOFT_RETRYABLE,card,29641,1,3,10,0,1,Mastercard,retry_now
server_error,NETWORK_TIMEOUT,card,77327,12,3,11,0,1,Visa,retry_later
invalid_vpa,SOFT_RETRYABLE,upi,24798,1,1,22,0,1,N/A,retry_now
gateway_technical_error,NETWORK_TIMEOUT,card,49990,11,2,20,0,2,Mastercard,retry_later
credit_limit_inactive,HARD_METHOD_DEAD,netbanking,299900,2,1,12,0,1,N/A,use_different_method
payment_session_expired,SOFT_RETRYABLE,card,50773,14,0,17,0,1,Mastercard,retry_now
deemed_transaction,SOFT_RETRYABLE,card,207308,18,0,13,0,2,Mastercard,retry_later
bank_not_available,NETWORK_TIMEOUT,card,19990,8,0,22,0,4,Visa,retry_later
gateway_error,NETWORK_TIMEOUT,netbanking,822803,14,1,22,0,2,N/A,retry_later
psp_app_not_available,NETWORK_TIMEOUT,card,227263,4,4,17,0,3,Visa,retry_later
verification_failed,NETWORK_TIMEOUT,card,168318,8,0,13,0,5,RuPay,retry_later
collect_on_mcc_blocked,HARD_METHOD_DEAD,upi,132739,10,2,15,0,1,N/A,use_different_method
otp_attempts_exceeded,HARD_METHOD_DEAD,card,34932,4,0,10,0,0,Visa,use_different_card
record_not_found,NETWORK_TIMEOUT,card,206713,13,0,17,0,5,RuPay,retry_later
incorrect_cvv,SOFT_RETRYABLE,card,438179,11,1,17,0,1,Visa,retry_now
payment_risk_check_failed,RISK_FLAGGED,card,25553,0,2,11,0,0,RuPay,vendor_review
transaction_on_vpa_restricted,HARD_METHOD_DEAD,upi,365827,17,0,23,0,0,N/A,use_different_method
upi_app_technical_error,NETWORK_TIMEOUT,upi,75635,4,0,10,0,2,N/A,retry_later
invalid_vpa,SOFT_RETRYABLE,upi,25329,9,2,19,0,1,N/A,retry_now
transaction_limit_exceeded,SOFT_RETRYABLE,card,122096,15,0,11,0,4,Visa,use_different_method
credit_limit_exceeded,HARD_METHOD_DEAD,netbanking,140597,0,3,12,0,0,N/A,use_different_method
insufficient_funds,SOFT_RETRYABLE,card,22012,11,2,20,0,3,Mastercard,retry_later
invalid_vpa,SOFT_RETRYABLE,upi,37511,20,1,20,0,1,N/A,retry_now
gateway_error,NETWORK_TIMEOUT,upi,43744,6,0,16,0,2,N/A,retry_later
verification_failed,NETWORK_TIMEOUT,card,142154,14,2,0,0,3,Visa,retry_later
payment_amount_tampered,RISK_FLAGGED,card,99900,5,2,21,0,0,RuPay,vendor_review
transaction_limit_exceeded,SOFT_RETRYABLE,card,105160,19,5,16,0,2,Visa,use_different_method
payment_declined_due_to_high_traffic,NETWORK_TIMEOUT,upi,178131,19,7,19,0,2,N/A,retry_later
amount_less_than_minimum_amount,UNKNOWN,netbanking,99990,5,0,12,0,0,N/A,contact_support
payment_cancelled,SOFT_RETRYABLE,netbanking,99990,0,0,18,0,2,N/A,retry_now
pin_not_set,HARD_METHOD_DEAD,upi,499900,4,7,15,0,1,N/A,use_different_method
bank_technical_error,NETWORK_TIMEOUT,card,86764,1,6,13,0,3,RuPay,retry_later
bank_technical_error,NETWORK_TIMEOUT,upi,19990,2,1,16,0,3,N/A,retry_later
invalid_vpa,SOFT_RETRYABLE,upi,33429,5,3,14,0,2,N/A,retry_now
card_expired,HARD_METHOD_DEAD,card,999000,10,0,20,0,1,Visa,use_different_card
mandate_creation_expired,SOFT_RETRYABLE,upi,463125,10,1,18,0,1,N/A,retry_now
bank_technical_error,NETWORK_TIMEOUT,upi,87252,7,2,17,0,3,N/A,retry_later
payment_risk_check_failed,RISK_FLAGGED,card,99990,9,4,14,0,0,Visa,vendor_review
mandate_creation_expired,SOFT_RETRYABLE,upi,79534,15,0,11,0,1,N/A,retry_now
payment_amount_tampered,RISK_FLAGGED,card,78523,7,0,10,0,2,Mastercard,vendor_review
payment_risk_check_failed,RISK_FLAGGED,card,152426,0,7,20,0,0,RuPay,vendor_review
compliance_violation,UNKNOWN,upi,782574,15,0,11,0,0,N/A,contact_support
payment_collect_request_expired,SOFT_RETRYABLE,upi,89149,10,0,10,0,1,N/A,retry_now
transaction_limit_exceeded,SOFT_RETRYABLE,card,99990,7,2,19,0,2,Mastercard,use_different_method
deemed_transaction,SOFT_RETRYABLE,card,55298,16,0,15,0,2,Mastercard,retry_later
incorrect_otp,SOFT_RETRYABLE,card,145160,3,3,14,0,2,Mastercard,retry_now
payment_collect_request_expired,SOFT_RETRYABLE,upi,154347,20,0,17,0,4,N/A,retry_now
gateway_technical_error,NETWORK_TIMEOUT,card,199900,12,0,22,0,5,Mastercard,retry_later
card_number_invalid,SOFT_RETRYABLE,card,23746,14,3,20,0,2,Visa,check_card_details
payment_amount_tampered,RISK_FLAGGED,card,499900,5,0,14,0,1,Visa,vendor_review
bank_cutoff_in_progress,NETWORK_TIMEOUT,card,181018,6,2,11,0,4,RuPay,retry_later
payment_session_expired,SOFT_RETRYABLE,card,102878,15,5,18,0,1,RuPay,retry_now
server_error,NETWORK_TIMEOUT,upi,36086,8,1,6,0,3,N/A,retry_later
payment_declined_due_to_high_traffic,NETWORK_TIMEOUT,card,558179,16,5,5,0,4,Visa,retry_later
mandate_creation_declined,HARD_METHOD_DEAD,upi,401917,0,1,21,0,1,N/A,use_different_method
compliance_violation,UNKNOWN,upi,138300,13,5,10,0,2,N/A,contact_support
gateway_technical_error,NETWORK_TIMEOUT,card,85897,15,0,16,0,2,Visa,retry_later
request_timed_out,NETWORK_TIMEOUT,card,299900,15,4,21,0,4,Mastercard,retry_now
payment_timed_out,NETWORK_TIMEOUT,upi,19990,17,2,14,0,2,N/A,retry_now
service_unavailable,NETWORK_TIMEOUT,card,26749,4,1,20,0,4,Mastercard,retry_later
transaction_daily_limit_exceeded,SOFT_RETRYABLE,card,167641,10,2,15,0,2,Mastercard,use_different_method
psp_app_not_available,NETWORK_TIMEOUT,card,163084,5,6,11,0,3,Visa,retry_later
invalid_vpa,SOFT_RETRYABLE,upi,160105,12,2,21,0,3,N/A,retry_now
authentication_failed,SOFT_RETRYABLE,card,99990,11,0,23,0,1,RuPay,retry_now
server_error,NETWORK_TIMEOUT,upi,95202,17,0,12,1,4,N/A,retry_later
incorrect_otp,SOFT_RETRYABLE,card,49990,2,0,19,0,1,RuPay,retry_now
invalid_vpa,SOFT_RETRYABLE,upi,199900,11,0,19,0,2,N/A,retry_now
payment_amount_tampered,RISK_FLAGGED,card,90432,11,9,16,0,0,Visa,vendor_review
service_unavailable,NETWORK_TIMEOUT,upi,54614,7,2,17,0,4,N/A,retry_later
payment_failed,SOFT_RETRYABLE,netbanking,199900,15,3,17,0,2,N/A,retry_later
incorrect_cardholder_name,SOFT_RETRYABLE,card,51845,15,1,19,0,2,Visa,check_card_details
incorrect_card_details,SOFT_RETRYABLE,card,282283,9,2,19,0,3,Visa,check_card_details
duplicate_request,UNKNOWN,card,56290,14,1,19,0,1,RuPay,no_action
record_not_found,NETWORK_TIMEOUT,netbanking,299900,15,0,13,0,2,N/A,retry_later
transaction_daily_count_exceeded,SOFT_RETRYABLE,card,36042,15,2,14,0,1,Visa,use_different_method
psp_app_not_available,NETWORK_TIMEOUT,upi,909489,13,3,15,0,5,N/A,retry_later
transaction_limit_exceeded,SOFT_RETRYABLE,card,47155,4,0,15,0,3,RuPay,use_different_method
payment_risk_check_failed,RISK_FLAGGED,upi,171543,11,0,14,0,0,N/A,vendor_review
payment_amount_tampered,RISK_FLAGGED,upi,38055,2,1,15,0,2,N/A,vendor_review
payment_timed_out,NETWORK_TIMEOUT,netbanking,61844,16,4,1,0,3,N/A,retry_now
mandate_creation_timeout,NETWORK_TIMEOUT,card,482392,11,2,21,0,1,Mastercard,retry_later
payment_failed,SOFT_RETRYABLE,card,299900,13,10,21,0,1,Mastercard,retry_later
payment_amount_tampered,RISK_FLAGGED,upi,169069,12,3,0,0,0,N/A,vendor_review
transaction_limit_exceeded,SOFT_RETRYABLE,card,19990,12,4,20,0,3,Mastercard,use_different_method
invalid_vpa,SOFT_RETRYABLE,upi,36919,8,0,10,0,2,N/A,retry_now
incorrect_cardholder_name,SOFT_RETRYABLE,card,499900,10,0,6,0,1,RuPay,check_card_details
invalid_order_id,UNKNOWN,card,37239,4,1,13,0,1,Visa,retry_now
compliance_violation,UNKNOWN,upi,299900,11,1,13,0,3,N/A,contact_support
incorrect_pin,SOFT_RETRYABLE,card,999000,15,1,11,0,2,Visa,retry_now
compliance_violation,UNKNOWN,upi,999000,16,0,23,0,0,N/A,contact_support
payment_collect_request_expired,SOFT_RETRYABLE,upi,299900,15,0,23,0,2,N/A,retry_now
payment_failed,SOFT_RETRYABLE,card,924741,14,1,5,1,1,Mastercard,retry_later
mandate_creation_expired,SOFT_RETRYABLE,upi,53361,1,1,12,0,1,N/A,retry_now
payment_declined_due_to_high_traffic,NETWORK_TIMEOUT,upi,39089,3,9,17,0,3,N/A,retry_later
vpa_resolution_failed,NETWORK_TIMEOUT,netbanking,43567,4,3,19,0,1,N/A,retry_later
invalid_device,HARD_METHOD_DEAD,upi,499900,2,0,16,0,0,N/A,use_different_method
credit_failed,SOFT_RETRYABLE,upi,97502,13,2,8,0,1,N/A,use_different_method
psp_app_not_supported,HARD_METHOD_DEAD,upi,182722,0,0,12,0,1,N/A,use_different_method
payment_session_expired,SOFT_RETRYABLE,card,182307,17,8,13,0,1,Mastercard,retry_now
collect_on_mcc_blocked,HARD_METHOD_DEAD,upi,297586,3,4,18,0,0,N/A,use_different_method
debit_instrument_blocked,HARD_METHOD_DEAD,card,499900,1,8,3,0,0,RuPay,contact_bank
incorrect_otp,SOFT_RETRYABLE,card,595642,10,7,6,0,2,RuPay,retry_now
mandate_creation_expired,SOFT_RETRYABLE,upi,99900,15,1,18,0,1,N/A,retry_now
server_error,NETWORK_TIMEOUT,netbanking,279619,12,7,13,0,5,N/A,retry_later
payment_cancelled,SOFT_RETRYABLE,netbanking,271267,14,1,21,0,2,N/A,retry_now
upi_app_technical_error,NETWORK_TIMEOUT,netbanking,299900,16,4,7,0,2,N/A,retry_later
record_not_found,NETWORK_TIMEOUT,card,46104,4,1,19,0,2,Mastercard,retry_later
psp_app_not_supported,HARD_METHOD_DEAD,upi,168614,1,2,20,0,1,N/A,use_different_method
request_timed_out,NETWORK_TIMEOUT,card,221381,9,6,17,0,2,RuPay,retry_now
payment_amount_tampered,RISK_FLAGGED,card,88977,19,5,20,0,1,Mastercard,vendor_review
card_number_invalid,SOFT_RETRYABLE,card,331848,13,1,14,0,1,Visa,check_card_details
pin_attempts_exceeded,HARD_METHOD_DEAD,card,44732,1,4,18,0,0,Mastercard,use_different_card
payment_risk_check_failed,RISK_FLAGGED,upi,112821,7,0,11,0,1,N/A,vendor_review
psp_app_not_supported,HARD_METHOD_DEAD,upi,70290,7,2,20,0,0,N/A,use_different_method
transaction_limit_exceeded,SOFT_RETRYABLE,card,13619,14,5,20,0,4,Visa,use_different_method
psp_not_available,NETWORK_TIMEOUT,card,120950,6,4,15,0,4,RuPay,retry_later
incorrect_otp,SOFT_RETRYABLE,card,39728,8,1,2,0,2,Mastercard,retry_now
card_number_invalid,SOFT_RETRYABLE,card,376586,16,6,5,0,1,Mastercard,check_card_details
payment_amount_tampered,RISK_FLAGGED,upi,191079,0,0,20,0,0,N/A,vendor_review
verification_failed,NETWORK_TIMEOUT,card,48423,13,8,13,0,1,Mastercard,retry_later
pin_attempts_exceeded,HARD_METHOD_DEAD,card,38601,3,0,13,0,0,AMEX,use_different_card
payment_amount_tampered,RISK_FLAGGED,card,153945,2,2,19,0,2,RuPay,vendor_review
credit_limit_expired,HARD_METHOD_DEAD,netbanking,130664,4,1,4,0,1,N/A,use_different_method
psp_not_registered,HARD_METHOD_DEAD,upi,765952,10,2,19,0,0,N/A,use_different_method
compliance_violation,UNKNOWN,upi,106874,5,1,11,0,0,N/A,contact_support
record_not_found,NETWORK_TIMEOUT,card,108260,14,0,19,0,4,Visa,retry_later
payment_timed_out,NETWORK_TIMEOUT,card,299900,8,3,13,0,4,RuPay,retry_now
mandate_creation_expired,SOFT_RETRYABLE,upi,99900,14,1,11,0,2,N/A,retry_now
card_network_not_enabled,HARD_METHOD_DEAD,card,294921,0,7,15,0,1,Mastercard,use_different_card
invalid_order_id,UNKNOWN,card,54896,2,1,16,0,1,Visa,retry_now
bank_technical_error,NETWORK_TIMEOUT,card,78564,7,5,18,0,3,Visa,retry_later
compliance_violation,UNKNOWN,upi,84359,7,5,6,0,1,N/A,contact_support
merchant_not_activated,UNKNOWN,card,292662,16,3,5,0,2,Mastercard,contact_support
gateway_technical_error,NETWORK_TIMEOUT,netbanking,352694,4,3,12,0,3,N/A,retry_later
amount_less_than_minimum_amount,UNKNOWN,netbanking,403768,12,7,11,0,0,N/A,contact_support
otp_attempts_exceeded,HARD_METHOD_DEAD,card,299900,13,6,19,0,0,Mastercard,use_different_card
mandate_creation_expired,SOFT_RETRYABLE,upi,199112,12,0,17,0,1,N/A,retry_now
psp_app_not_available,NETWORK_TIMEOUT,card,299900,13,1,9,0,4,Mastercard,retry_later
insufficient_funds,SOFT_RETRYABLE,netbanking,499413,12,2,18,1,4,N/A,retry_later
transaction_frequency_limit_exceeded,SOFT_RETRYABLE,upi,123269,11,3,13,0,4,N/A,use_different_method
card_disabled_for_online_payments,HARD_METHOD_DEAD,card,180250,0,6,21,0,0,RuPay,enable_online_transactions
credit_limit_inactive,HARD_METHOD_DEAD,netbanking,933262,2,6,12,0,0,N/A,use_different_method
payment_amount_tampered,RISK_FLAGGED,card,342829,5,0,12,0,2,RuPay,vendor_review
verification_failed,NETWORK_TIMEOUT,upi,26793,14,0,11,0,4,N/A,retry_later
gateway_error,NETWORK_TIMEOUT,card,864291,9,2,19,0,4,Visa,retry_later
payment_risk_check_failed,RISK_FLAGGED,card,99900,5,0,16,0,1,RuPay,vendor_review
transaction_frequency_limit_exceeded,SOFT_RETRYABLE,upi,105281,14,2,6,0,1,N/A,use_different_method
card_number_invalid,SOFT_RETRYABLE,netbanking,305099,17,0,14,0,1,N/A,check_card_details
invalid_vpa,SOFT_RETRYABLE,upi,19990,13,1,18,0,1,N/A,retry_now
payment_declined_due_to_high_traffic,NETWORK_TIMEOUT,upi,104938,4,0,16,1,1,N/A,retry_later
upi_app_technical_error,NETWORK_TIMEOUT,netbanking,299900,19,2,19,0,5,N/A,retry_later
psp_not_available,NETWORK_TIMEOUT,card,159436,12,1,20,0,5,Visa,retry_later
incorrect_cvv,SOFT_RETRYABLE,card,99900,11,3,13,0,1,Mastercard,retry_now
payment_cancelled,SOFT_RETRYABLE,card,150814,11,1,12,0,1,Visa,retry_now
transaction_daily_limit_exceeded,SOFT_RETRYABLE,card,413919,10,1,17,0,2,Visa,use_different_method
mcc_amount_limit_exceeded,HARD_METHOD_DEAD,upi,99990,7,0,18,0,1,N/A,use_different_method
payment_collect_request_expired,SOFT_RETRYABLE,upi,83741,15,2,22,0,2,N/A,retry_now
payment_amount_tampered,RISK_FLAGGED,card,218409,9,4,10,0,2,Visa,vendor_review
transaction_daily_limit_exceeded,SOFT_RETRYABLE,netbanking,19990,8,0,15,0,3,N/A,use_different_method
card_declined,HARD_METHOD_DEAD,card,499900,2,0,13,0,0,Mastercard,use_different_method
compliance_violation,UNKNOWN,upi,576785,17,0,16,0,1,N/A,contact_support
record_not_found,NETWORK_TIMEOUT,netbanking,295234,10,0,20,0,4,N/A,retry_later
payment_risk_check_failed,RISK_FLAGGED,card,114446,20,4,20,0,1,RuPay,vendor_review
transaction_frequency_limit_exceeded,SOFT_RETRYABLE,upi,64653,20,1,18,0,2,N/A,use_different_method
upi_app_technical_error,NETWORK_TIMEOUT,netbanking,134387,10,1,21,0,4,N/A,retry_later
incorrect_cvv,SOFT_RETRYABLE,card,999000,6,1,21,0,2,Visa,retry_now
credit_limit_not_approved,HARD_METHOD_DEAD,netbanking,145283,10,2,14,0,0,N/A,use_different_method
emi_plan_unavailable,HARD_METHOD_DEAD,netbanking,499900,13,0,15,0,0,N/A,use_different_method
incorrect_cvv,SOFT_RETRYABLE,card,180832,2,2,14,0,2,Mastercard,retry_now
payment_timed_out,NETWORK_TIMEOUT,card,20537,5,3,16,0,2,Visa,retry_now
payment_failed,SOFT_RETRYABLE,card,74820,13,0,20,0,3,Mastercard,retry_later
bank_not_available,NETWORK_TIMEOUT,card,85323,19,3,11,0,4,RuPay,retry_later
insufficient_funds,SOFT_RETRYABLE,card,137309,6,0,13,0,2,AMEX,retry_later
invalid_vpa,SOFT_RETRYABLE,upi,17817,13,4,22,0,2,N/A,retry_now
debit_instrument_blocked,HARD_METHOD_DEAD,card,108535,7,3,15,0,0,Mastercard,contact_bank
card_disabled_for_online_payments,HARD_METHOD_DEAD,card,99990,5,5,22,0,1,Mastercard,enable_online_transactions
payment_risk_check_failed,RISK_FLAGGED,card,28175,12,1,4,0,0,RuPay,vendor_review
card_network_not_enabled,HARD_METHOD_DEAD,card,99900,4,0,10,0,0,RuPay,use_different_card
payment_risk_check_failed,RISK_FLAGGED,card,120849,6,3,11,0,0,Mastercard,vendor_review
payment_session_expired,SOFT_RETRYABLE,card,206699,19,2,14,0,2,Visa,retry_now
transaction_daily_limit_exceeded,SOFT_RETRYABLE,card,393660,12,1,15,0,1,Visa,use_different_method
transaction_limit_exceeded,SOFT_RETRYABLE,netbanking,162315,15,2,15,0,4,N/A,use_different_method
pin_not_set,HARD_METHOD_DEAD,upi,132550,6,1,18,0,0,N/A,use_different_method
transaction_frequency_limit_exceeded,SOFT_RETRYABLE,upi,195298,7,1,8,0,2,N/A,use_different_method
vpa_resolution_failed,NETWORK_TIMEOUT,card,73149,12,4,15,0,4,Mastercard,retry_later
mcc_amount_limit_exceeded,HARD_METHOD_DEAD,upi,99900,10,0,9,0,0,N/A,use_different_method
payment_risk_check_failed,RISK_FLAGGED,card,65136,0,1,4,0,0,Visa,vendor_review
gateway_error,NETWORK_TIMEOUT,card,299900,8,2,10,0,4,Mastercard,retry_later
transaction_daily_count_exceeded,SOFT_RETRYABLE,card,184616,9,0,22,1,1,Mastercard,use_different_method
upi_app_technical_error,NETWORK_TIMEOUT,netbanking,165001,3,0,18,0,4,N/A,retry_later
incorrect_otp,SOFT_RETRYABLE,card,164448,10,0,22,0,1,RuPay,retry_now
card_declined,HARD_METHOD_DEAD,card,319122,3,2,10,0,0,Mastercard,use_different_method
payment_collect_request_expired,SOFT_RETRYABLE,upi,99990,9,4,10,0,1,N/A,retry_now
card_declined,HARD_METHOD_DEAD,card,37272,2,1,11,0,0,RuPay,use_different_method
deemed_transaction,SOFT_RETRYABLE,card,91530,8,2,12,0,3,Visa,retry_later
transaction_daily_count_exceeded,SOFT_RETRYABLE,netbanking,99900,11,8,22,0,1,N/A,use_different_method
pin_not_set,HARD_METHOD_DEAD,upi,49039,14,3,9,0,0,N/A,use_different_method
gateway_error,NETWORK_TIMEOUT,netbanking,99900,6,0,17,0,3,N/A,retry_later
compliance_violation,UNKNOWN,upi,349502,13,3,2,0,2,N/A,contact_support
gateway_error,NETWORK_TIMEOUT,netbanking,399875,15,8,15,0,2,N/A,retry_later
payment_amount_tampered,RISK_FLAGGED,card,199900,3,0,6,0,1,AMEX,vendor_review
user_not_eligible,HARD_METHOD_DEAD,netbanking,19990,5,6,14,0,1,N/A,use_different_method
card_declined,HARD_METHOD_DEAD,card,14770,6,5,10,0,0,Visa,use_different_method
debit_instrument_inactive,HARD_METHOD_DEAD,card,49990,0,0,7,0,1,AMEX,contact_bank
transaction_frequency_limit_exceeded,SOFT_RETRYABLE,upi,130246,14,3,11,0,2,N/A,use_different_method
credit_failed,SOFT_RETRYABLE,upi,141937,15,1,16,0,4,N/A,use_different_method
transaction_frequency_limit_exceeded,SOFT_RETRYABLE,upi,156486,3,0,15,0,2,N/A,use_different_method
credit_limit_inactive,HARD_METHOD_DEAD,netbanking,181829,1,1,21,0,1,N/A,use_different_method
otp_attempts_exceeded,HARD_METHOD_DEAD,card,24564,20,2,19,1,1,Mastercard,use_different_card
transaction_limit_exceeded,SOFT_RETRYABLE,card,148833,12,1,16,0,2,Mastercard,use_different_method
pin_attempts_exceeded,HARD_METHOD_DEAD,card,34584,10,6,3,0,1,Mastercard,use_different_card
credit_failed,SOFT_RETRYABLE,upi,250540,19,0,14,0,1,N/A,use_different_method
incorrect_pin,SOFT_RETRYABLE,card,152723,0,2,15,0,2,Mastercard,retry_now
upi_app_technical_error,NETWORK_TIMEOUT,upi,165436,8,0,22,0,3,N/A,retry_later
transaction_on_vpa_restricted,HARD_METHOD_DEAD,upi,214228,4,8,2,0,0,N/A,use_different_method
psp_not_registered,HARD_METHOD_DEAD,upi,131538,8,1,18,0,1,N/A,use_different_method
payment_timed_out,NETWORK_TIMEOUT,card,103601,18,1,17,0,3,RuPay,retry_now
gateway_error,NETWORK_TIMEOUT,upi,164270,5,1,1,0,3,N/A,retry_later
payment_collect_request_expired,SOFT_RETRYABLE,upi,999000,15,4,12,1,1,N/A,retry_now
pin_not_set,HARD_METHOD_DEAD,upi,115117,1,0,19,0,0,N/A,use_different_method
card_type_invalid,HARD_METHOD_DEAD,card,484843,1,1,18,0,0,Visa,use_different_card
payment_amount_tampered,RISK_FLAGGED,upi,272004,1,0,20,0,1,N/A,vendor_review
payment_declined_due_to_high_traffic,NETWORK_TIMEOUT,card,99900,6,0,21,0,3,Mastercard,retry_later
credit_failed,SOFT_RETRYABLE,upi,499900,9,0,13,0,2,N/A,use_different_method
deemed_transaction,SOFT_RETRYABLE,card,499900,17,0,15,0,4,Mastercard,retry_later
credit_failed,SOFT_RETRYABLE,upi,412967,2,1,12,1,2,N/A,use_different_method
payment_collect_request_expired,SOFT_RETRYABLE,upi,999000,13,4,19,0,2,N/A,retry_now
bank_technical_error,NETWORK_TIMEOUT,card,183970,1,0,20,0,5,Visa,retry_later
service_unavailable,NETWORK_TIMEOUT,card,455642,9,5,21,0,4,Mastercard,retry_later
debit_instrument_blocked,HARD_METHOD_DEAD,card,54780,7,2,20,0,0,Visa,contact_bank
request_timed_out,NETWORK_TIMEOUT,card,382622,19,0,20,0,2,Mastercard,retry_now
invalid_device,HARD_METHOD_DEAD,upi,299497,10,1,15,0,0,N/A,use_different_method
credit_failed,SOFT_RETRYABLE,upi,99990,6,2,13,0,3,N/A,use_different_method
gateway_error,NETWORK_TIMEOUT,card,999000,16,9,13,0,2,Mastercard,retry_later
compliance_violation,UNKNOWN,upi,134726,0,1,19,0,1,N/A,contact_support
authentication_failed,SOFT_RETRYABLE,card,199900,12,0,23,0,1,RuPay,retry_now
request_timed_out,NETWORK_TIMEOUT,card,648897,10,0,19,0,5,Visa,retry_now
transaction_limit_exceeded,SOFT_RETRYABLE,card,999000,6,2,2,0,2,AMEX,use_different_method
card_disabled_for_online_payments,HARD_METHOD_DEAD,card,299900,8,6,8,0,0,Visa,enable_online_transactions
verification_failed,NETWORK_TIMEOUT,upi,199900,10,1,16,0,4,N/A,retry_later
pin_attempts_exceeded,HARD_METHOD_DEAD,card,144765,4,1,17,0,0,RuPay,use_different_card
verification_failed,NETWORK_TIMEOUT,upi,38464,8,1,14,0,3,N/A,retry_later
compliance_violation,UNKNOWN,upi,99900,4,1,17,0,1,N/A,contact_support
gateway_error,NETWORK_TIMEOUT,card,72621,5,0,18,0,4,RuPay,retry_later
invalid_amount,UNKNOWN,card,22008,8,2,18,0,1,Visa,contact_support
payment_risk_check_failed,RISK_FLAGGED,card,40284,16,2,22,0,2,RuPay,vendor_review
transaction_frequency_limit_exceeded,SOFT_RETRYABLE,upi,19990,13,0,8,0,1,N/A,use_different_method
payment_declined_due_to_high_traffic,NETWORK_TIMEOUT,upi,42097,15,1,14,0,1,N/A,retry_later
authentication_failed,SOFT_RETRYABLE,card,131610,17,5,14,0,2,RuPay,retry_now
card_network_not_enabled,HARD_METHOD_DEAD,card,999000,1,0,17,0,0,Mastercard,use_different_card
mandate_creation_timeout,NETWORK_TIMEOUT,upi,63010,15,2,18,0,2,N/A,retry_later
insufficient_funds,SOFT_RETRYABLE,netbanking,60044,10,1,13,0,1,N/A,retry_later
card_network_not_enabled,HARD_METHOD_DEAD,card,358221,5,0,14,0,0,RuPay,use_different_card
incorrect_atm_pin,SOFT_RETRYABLE,card,499900,17,6,10,0,4,RuPay,retry_now
payment_amount_tampered,RISK_FLAGGED,card,162744,0,1,18,0,2,Visa,vendor_review
card_expired,HARD_METHOD_DEAD,card,148563,0,1,14,0,0,Visa,use_different_card
funds_blocked_by_mandate,HARD_METHOD_DEAD,upi,469370,0,4,19,0,1,N/A,use_different_method
pin_attempts_exceeded,HARD_METHOD_DEAD,card,118769,1,6,16,0,0,Visa,use_different_card
payment_cancelled,SOFT_RETRYABLE,card,119777,10,2,6,1,1,RuPay,retry_now
incorrect_otp,SOFT_RETRYABLE,card,31606,18,1,17,0,2,RuPay,retry_now
card_number_invalid,SOFT_RETRYABLE,card,197171,9,3,20,0,3,Mastercard,check_card_details
payment_collect_request_expired,SOFT_RETRYABLE,upi,299900,8,7,21,0,1,N/A,retry_now
card_not_enrolled,HARD_METHOD_DEAD,card,128599,16,0,3,0,0,Mastercard,enable_online_transactions
credit_failed,SOFT_RETRYABLE,upi,299900,18,3,1,0,3,N/A,use_different_method
record_not_found,NETWORK_TIMEOUT,card,299900,18,1,16,0,2,Mastercard,retry_later
transaction_limit_exceeded,SOFT_RETRYABLE,card,113094,3,4,18,0,3,RuPay,use_different_method
invalid_device,HARD_METHOD_DEAD,upi,499900,0,1,21,0,1,N/A,use_different_method
service_unavailable,NETWORK_TIMEOUT,card,199900,20,2,6,0,4,RuPay,retry_later
service_unavailable,NETWORK_TIMEOUT,card,180213,8,0,14,0,4,Mastercard,retry_later
service_unavailable,NETWORK_TIMEOUT,card,97064,5,1,18,0,4,RuPay,retry_later
service_unavailable,NETWORK_TIMEOUT,netbanking,299900,4,0,19,0,2,N/A,retry_later
credit_failed,SOFT_RETRYABLE,upi,325339,14,1,20,0,2,N/A,use_different_method
transaction_frequency_limit_exceeded,SOFT_RETRYABLE,upi,151123,6,0,22,0,1,N/A,use_different_method
debit_instrument_blocked,HARD_METHOD_DEAD,card,197586,19,1,22,0,0,Visa,contact_bank
credit_limit_not_approved,HARD_METHOD_DEAD,netbanking,53750,1,5,19,0,0,N/A,use_different_method
incorrect_cvv,SOFT_RETRYABLE,card,180494,10,0,18,0,1,Mastercard,retry_now
payment_amount_tampered,RISK_FLAGGED,upi,303008,5,7,14,0,1,N/A,vendor_review
duplicate_request,UNKNOWN,card,92087,19,0,13,0,3,Mastercard,no_action
incorrect_cardholder_name,SOFT_RETRYABLE,card,185367,16,4,19,0,1,Mastercard,check_card_details
payment_pending,SOFT_RETRYABLE,netbanking,99900,19,4,18,0,1,N/A,retry_later
bank_account_invalid,HARD_METHOD_DEAD,upi,460281,20,0,14,0,1,N/A,use_different_method
payment_collect_request_expired,SOFT_RETRYABLE,upi,999000,3,2,0,0,4,N/A,retry_now
card_number_invalid,SOFT_RETRYABLE,card,126651,14,1,9,0,2,Mastercard,check_card_details
incorrect_pin,SOFT_RETRYABLE,netbanking,19990,2,4,8,0,1,N/A,retry_now
mandate_creation_expired,SOFT_RETRYABLE,upi,49990,15,1,12,0,1,N/A,retry_now
payment_method_not_enabled,HARD_METHOD_DEAD,netbanking,99990,2,4,17,0,1,N/A,use_different_method
payment_cancelled,SOFT_RETRYABLE,card,62651,6,0,22,0,2,AMEX,retry_now
funds_blocked_by_mandate,HARD_METHOD_DEAD,upi,142134,9,0,17,0,0,N/A,use_different_method
debit_instrument_blocked,HARD_METHOD_DEAD,card,141210,15,0,19,0,1,Mastercard,contact_bank
request_timed_out,NETWORK_TIMEOUT,upi,93534,8,1,9,1,2,N/A,retry_now
credit_limit_expired,HARD_METHOD_DEAD,netbanking,347051,4,1,18,0,0,N/A,use_different_method
service_unavailable,NETWORK_TIMEOUT,card,27912,18,2,11,0,5,RuPay,retry_later
incorrect_card_expiry_date,SOFT_RETRYABLE,card,99900,8,5,18,0,1,RuPay,check_card_details
live_mode_not_enabled,UNKNOWN,netbanking,48899,1,1,9,0,1,N/A,contact_support
incorrect_otp,SOFT_RETRYABLE,card,10425,4,1,15,0,1,Visa,retry_now
order_already_paid,UNKNOWN,netbanking,199900,8,0,21,0,2,N/A,no_action
otp_attempts_exceeded,HARD_METHOD_DEAD,card,45723,7,3,15,0,0,Visa,use_different_card
card_type_invalid,HARD_METHOD_DEAD,card,999000,17,0,11,0,0,Mastercard,use_different_card
incorrect_card_expiry_date,SOFT_RETRYABLE,card,175479,6,2,20,0,3,Visa,check_card_details
incorrect_otp,SOFT_RETRYABLE,card,19990,8,0,13,0,3,Visa,retry_now
incorrect_atm_pin,SOFT_RETRYABLE,card,26053,17,1,20,0,1,Mastercard,retry_now
payment_amount_tampered,RISK_FLAGGED,card,327181,6,7,14,1,0,Visa,vendor_review
payment_amount_tampered,RISK_FLAGGED,card,49990,1,0,10,0,1,Visa,vendor_review
server_error,NETWORK_TIMEOUT,card,136026,16,8,17,0,5,Visa,retry_later
incorrect_cardholder_name,SOFT_RETRYABLE,card,836435,18,0,18,0,1,RuPay,check_card_details
verification_failed,NETWORK_TIMEOUT,card,23940,7,0,21,0,4,Mastercard,retry_later
payment_amount_tampered,RISK_FLAGGED,netbanking,52809,12,4,15,1,0,N/A,vendor_review
credit_failed,SOFT_RETRYABLE,upi,19990,13,3,18,0,1,N/A,use_different_method
authentication_failed,SOFT_RETRYABLE,card,326342,12,1,18,1,1,Mastercard,retry_now
authentication_failed,SOFT_RETRYABLE,card,19416,4,9,21,0,3,Visa,retry_now
payment_cancelled,SOFT_RETRYABLE,card,299900,17,0,19,0,3,RuPay,retry_now
server_error,NETWORK_TIMEOUT,upi,80819,5,4,17,0,2,N/A,retry_later
incorrect_cardholder_name,SOFT_RETRYABLE,card,999000,14,7,17,0,1,Visa,check_card_details
gateway_error,NETWORK_TIMEOUT,card,40599,15,3,13,0,2,Visa,retry_later
upi_app_technical_error,NETWORK_TIMEOUT,upi,36660,9,4,21,0,4,N/A,retry_later
incorrect_card_details,SOFT_RETRYABLE,card,99610,16,1,12,0,1,Visa,check_card_details
credit_failed,SOFT_RETRYABLE,upi,188655,12,6,19,0,3,N/A,use_different_method
compliance_violation,UNKNOWN,upi,820214,14,1,19,0,2,N/A,contact_support
transaction_daily_count_exceeded,SOFT_RETRYABLE,card,247624,17,0,10,0,3,RuPay,use_different_method
incorrect_atm_pin,SOFT_RETRYABLE,card,19990,15,0,19,0,1,Mastercard,retry_now
invalid_vpa,SOFT_RETRYABLE,upi,27749,16,0,13,0,3,N/A,retry_now
payment_pending,SOFT_RETRYABLE,card,81560,3,4,20,0,3,Visa,retry_later
psp_app_not_supported,HARD_METHOD_DEAD,upi,243749,4,4,18,0,0,N/A,use_different_method
card_type_invalid,HARD_METHOD_DEAD,card,99900,10,9,20,0,1,Mastercard,use_different_card
card_declined,HARD_METHOD_DEAD,card,299900,3,2,4,0,1,Mastercard,use_different_method
pin_attempts_exceeded,HARD_METHOD_DEAD,card,13340,0,0,13,0,0,Visa,use_different_card
card_not_enrolled,HARD_METHOD_DEAD,card,130808,5,4,15,0,0,Visa,enable_online_transactions
invalid_vpa,SOFT_RETRYABLE,upi,299900,2,0,19,0,2,N/A,retry_now
mandate_creation_expired,SOFT_RETRYABLE,upi,49990,15,7,8,0,1,N/A,retry_now
gateway_error,NETWORK_TIMEOUT,card,786936,19,1,16,0,4,Visa,retry_later
server_error,NETWORK_TIMEOUT,card,999000,13,1,19,0,4,Visa,retry_later
payment_cancelled,SOFT_RETRYABLE,card,999000,6,1,2,0,1,Visa,retry_now
compliance_violation,UNKNOWN,upi,47991,15,0,13,0,0,N/A,contact_support
incorrect_cvv,SOFT_RETRYABLE,card,140235,10,0,19,0,2,RuPay,retry_now
incorrect_pin,SOFT_RETRYABLE,card,75563,12,5,21,0,2,RuPay,retry_now
invalid_vpa,SOFT_RETRYABLE,upi,48091,7,6,22,0,1,N/A,retry_now
gateway_technical_error,NETWORK_TIMEOUT,netbanking,499900,16,0,17,0,4,N/A,retry_later
bank_not_available,NETWORK_TIMEOUT,upi,19990,11,0,13,1,3,N/A,retry_later
payment_failed,SOFT_RETRYABLE,card,150932,3,8,17,0,2,Visa,retry_later
payment_risk_check_failed,RISK_FLAGGED,card,999000,1,0,10,0,0,Mastercard,vendor_review
